Data,"PRECIPITAÇÃO TOTAL, HORÁRIO (mm)","PRESSAO ATMOSFERICA AO NIVEL DA ESTACAO, HORARIA (mB)",RADIACAO GLOBAL (Kj/m²),"TEMPERATURA DO AR - BULBO SECO, HORARIA (°C)",TEMPERATURA DO PONTO DE ORVALHO (°C),UMIDADE REL. MAX. NA HORA ANT. (AUT) (%),UMIDADE REL. MIN. NA HORA ANT. (AUT) (%),"UMIDADE RELATIVA DO AR, HORARIA (%)","VENTO, RAJADA MAXIMA (m/s)","VENTO, VELOCIDADE HORARIA (m/s)"
2017-01-01,0,882,197,23.0,14.0,6.0,5.0,5.0,8,4
2017-01-02,0,880,167,24.0,14.0,6.0,5.0,5.0,6,3
2017-01-03,0,880,174,23.0,15.0,6.0,5.0,6.0,10,6
2017-01-04,0,881,182,23.0,16.0,7.0,6.0,6.0,10,6
2017-01-05,0,882,155,22.0,15.0,6.0,6.0,6.0,8,4
2017-01-06,0,882,118,22.0,16.0,7.0,6.0,7.0,8,5
2017-01-07,0,882,164,23.0,16.0,7.0,6.0,6.0,8,5
2017-01-08,0,881,192,22.0,14.0,6.0,5.0,5.0,8,4
2017-01-09,0,880,158,23.0,14.0,6.0,5.0,5.0,8,5
2017-01-10,0,879,127,22.0,16.0,7.0,6.0,7.0,6,2
2017-01-11,0,879,140,22.0,16.0,7.0,6.0,7.0,8,4
2017-01-12,0,880,163,22.0,16.0,7.0,6.0,7.0,8,4
2017-01-13,0,880,71,19.0,17.0,8.0,8.0,8.0,7,3
2017-01-14,0,878,110,20.0,17.0,8.0,8.0,8.0,6,3
2017-01-15,1,879,86,19.0,16.0,8.0,8.0,8.0,5,2
2017-01-16,0,880,84,19.0,17.0,8.0,8.0,8.0,6,3
2017-01-17,0,880,143,20.0,15.0,7.0,7.0,7.0,10,6
2017-01-18,0,880,218,21.0,14.0,7.0,6.0,6.0,9,5
2017-01-19,0,881,169,22.0,14.0,6.0,6.0,6.0,9,5
2017-01-20,0,883,169,21.0,14.0,6.0,5.0,6.0,9,5
2017-01-21,0,882,159,21.0,14.0,6.0,6.0,6.0,9,5
2017-01-22,0,881,184,21.0,14.0,6.0,5.0,6.0,8,5
2017-01-23,0,881,168,21.0,14.0,6.0,6.0,6.0,9,5
2017-01-24,0,882,114,21.0,15.0,7.0,6.0,7.0,9,5
2017-01-25,0,882,165,22.0,15.0,7.0,6.0,6.0,6,3
2017-01-26,0,882,175,22.0,16.0,7.0,6.0,6.0,8,5
2017-01-27,0,883,194,22.0,14.0,6.0,5.0,5.0,9,5
2017-01-28,0,884,193,21.0,13.0,6.0,5.0,6.0,10,6
2017-01-29,0,885,187,21.0,14.0,6.0,5.0,6.0,9,5
2017-01-30,0,884,150,21.0,15.0,7.0,6.0,7.0,10,5
2017-01-31,0,883,186,21.0,14.0,7.0,6.0,6.0,9,5
2017-02-01,0,881,115,20.0,14.0,7.0,6.0,7.0,9,5
2017-02-02,0,880,97,20.0,16.0,8.0,7.0,7.0,7,3
2017-02-03,0,881,84,19.0,17.0,9.0,8.0,8.0,5,2
2017-02-04,0,881,109,20.0,16.0,8.0,7.0,8.0,6,3
2017-02-05,2,880,75,19.0,17.0,9.0,8.0,8.0,5,2
2017-02-06,2,879,111,20.0,17.0,8.0,8.0,8.0,6,3
2017-02-07,0,878,128,21.0,17.0,8.0,7.0,8.0,8,3
2017-02-08,0,879,115,21.0,18.0,8.0,7.0,8.0,8,4
2017-02-09,0,880,190,21.0,16.0,7.0,7.0,7.0,12,6
2017-02-10,0,881,120,20.0,16.0,8.0,7.0,8.0,11,6
2017-02-11,0,880,112,20.0,16.0,7.0,7.0,7.0,9,6
2017-02-12,0,880,132,20.0,14.0,7.0,6.0,7.0,11,6
2017-02-13,0,881,131,19.0,15.0,7.0,7.0,7.0,11,6
2017-02-14,0,884,138,19.0,14.0,7.0,6.0,7.0,11,6
2017-02-15,0,886,149,20.0,15.0,7.0,7.0,7.0,11,6
2017-02-16,0,885,135,20.0,15.0,7.0,6.0,7.0,7,4
2017-02-17,0,883,168,21.0,14.0,6.0,6.0,6.0,7,4
2017-02-18,0,883,179,22.0,15.0,6.0,5.0,6.0,7,3
2017-02-19,0,884,195,22.0,15.0,6.0,6.0,6.0,8,5
2017-02-20,0,884,198,22.0,15.0,6.0,6.0,6.0,8,4
2017-02-21,0,884,148,20.0,15.0,7.0,6.0,7.0,10,5
2017-02-22,0,883,114,20.0,15.0,7.0,7.0,7.0,10,5
2017-02-23,0,883,162,21.0,15.0,7.0,6.0,6.0,9,5
2017-02-24,0,881,184,22.0,15.0,7.0,6.0,6.0,8,5
2017-02-25,0,880,100,20.0,15.0,7.0,6.0,7.0,7,4
2017-02-26,0,881,40,18.0,16.0,8.0,8.0,8.0,6,3
2017-02-27,0,881,87,19.0,15.0,8.0,7.0,8.0,6,3
2017-02-28,0,880,103,19.0,16.0,8.0,8.0,8.0,6,3
2017-03-01,0,880,103,19.0,16.0,8.0,7.0,8.0,8,3
2017-03-02,0,881,142,22.0,15.0,7.0,6.0,6.0,5,2
2017-03-03,0,883,180,22.0,16.0,7.0,6.0,7.0,7,4
2017-03-04,0,881,175,22.0,14.0,6.0,6.0,6.0,6,3
2017-03-05,0,879,130,22.0,15.0,6.0,6.0,6.0,6,3
2017-03-06,0,879,170,24.0,15.0,6.0,5.0,5.0,5,2
2017-03-07,0,881,140,22.0,17.0,7.0,6.0,7.0,10,6
2017-03-08,1,881,166,21.0,17.0,8.0,7.0,7.0,12,7
2017-03-09,0,881,170,20.0,16.0,8.0,7.0,8.0,10,6
2017-03-10,0,882,140,21.0,17.0,8.0,7.0,7.0,8,5
2017-03-11,0,882,185,21.0,15.0,7.0,6.0,6.0,8,5
2017-03-12,0,882,182,21.0,14.0,6.0,6.0,6.0,8,5
2017-03-13,0,881,212,22.0,13.0,6.0,5.0,5.0,7,4
2017-03-14,0,881,181,21.0,15.0,7.0,6.0,6.0,9,5
2017-03-15,0,882,211,21.0,14.0,6.0,6.0,6.0,9,5
2017-03-16,0,882,211,21.0,14.0,7.0,6.0,6.0,9,5
2017-03-17,0,881,174,21.0,15.0,7.0,6.0,6.0,8,4
2017-03-18,0,881,171,22.0,16.0,7.0,6.0,6.0,9,5
2017-03-19,2,882,77,19.0,16.0,8.0,8.0,8.0,8,5
2017-03-20,0,882,78,19.0,16.0,8.0,8.0,8.0,8,6
2017-03-21,0,883,205,19.0,13.0,7.0,6.0,7.0,13,9
2017-03-22,0,884,213,19.0,12.0,7.0,6.0,6.0,12,8
2017-03-23,0,883,189,19.0,11.0,6.0,6.0,6.0,10,6
2017-03-24,0,881,178,20.0,12.0,6.0,5.0,6.0,8,5
2017-03-25,0,881,188,21.0,13.0,6.0,5.0,6.0,7,4
2017-03-26,0,880,166,22.0,14.0,6.0,6.0,6.0,8,5
2017-03-27,1,881,84,19.0,17.0,8.0,8.0,8.0,9,6
2017-03-28,0,881,75,17.0,16.0,9.0,9.0,9.0,10,6
2017-03-29,0,881,180,18.0,12.0,7.0,6.0,7.0,14,8
2017-03-30,0,881,194,19.0,11.0,6.0,6.0,6.0,10,6
2017-03-31,0,882,205,19.0,11.0,6.0,5.0,6.0,9,6
2017-04-01,0,882,196,18.0,10.0,6.0,5.0,6.0,12,7
2017-04-02,0,882,171,18.0,10.0,6.0,5.0,5.0,10,6
2017-04-03,0,882,162,19.0,11.0,6.0,6.0,6.0,8,5
2017-04-04,0,882,194,20.0,12.0,6.0,5.0,6.0,9,5
2017-04-05,0,883,183,20.0,13.0,7.0,6.0,6.0,8,5
2017-04-06,0,883,146,21.0,15.0,7.0,6.0,7.0,7,4
2017-04-07,1,882,93,21.0,17.0,8.0,7.0,7.0,7,5
2017-04-08,0,882,90,21.0,16.0,7.0,7.0,7.0,7,4
2017-04-09,0,882,120,20.0,16.0,7.0,7.0,7.0,7,5
2017-04-10,0,882,115,20.0,16.0,7.0,7.0,7.0,6,4
2017-04-11,0,882,140,21.0,15.0,7.0,7.0,7.0,7,4
2017-04-12,0,881,129,21.0,16.0,7.0,7.0,7.0,6,3
2017-04-13,0,882,149,20.0,15.0,7.0,7.0,7.0,14,9
2017-04-14,0,884,159,19.0,15.0,8.0,7.0,8.0,10,6
2017-04-15,0,884,141,19.0,15.0,8.0,7.0,7.0,9,5
2017-04-16,0,882,169,20.0,14.0,7.0,6.0,7.0,8,4
2017-04-17,0,881,150,22.0,13.0,6.0,5.0,5.0,4,2
2017-04-18,0,882,148,20.0,15.0,7.0,6.0,7.0,12,8
2017-04-19,0,883,117,17.0,14.0,8.0,7.0,8.0,13,8
2017-04-20,0,882,142,18.0,13.0,8.0,7.0,7.0,10,6
2017-04-21,0,881,157,18.0,13.0,7.0,6.0,7.0,8,4
2017-04-22,0,881,73,19.0,14.0,7.0,7.0,7.0,6,2
2017-04-23,0,883,133,19.0,15.0,8.0,7.0,8.0,10,7
2017-04-24,0,883,158,18.0,15.0,8.0,7.0,7.0,13,8
2017-04-25,0,882,130,19.0,15.0,8.0,7.0,8.0,10,6
2017-04-26,0,881,156,20.0,15.0,7.0,7.0,7.0,8,5
2017-04-27,0,882,127,21.0,17.0,8.0,7.0,7.0,6,3
2017-04-28,1,883,59,18.0,16.0,9.0,9.0,9.0,12,8
2017-04-29,0,885,99,17.0,15.0,9.0,8.0,8.0,12,8
2017-04-30,0,886,102,16.0,14.0,8.0,8.0,8.0,12,7
2017-05-01,0,886,134,16.0,12.0,8.0,7.0,7.0,12,7
2017-05-02,0,885,122,17.0,12.0,7.0,7.0,7.0,9,6
2017-05-03,0,885,103,17.0,13.0,8.0,7.0,8.0,8,5
2017-05-04,0,884,142,17.0,13.0,7.0,7.0,7.0,9,5
2017-05-05,0,883,156,18.0,13.0,7.0,7.0,7.0,7,4
2017-05-06,0,883,63,18.0,13.0,7.0,7.0,7.0,7,4
2017-05-07,0,881,148,18.0,13.0,7.0,6.0,7.0,8,5
2017-05-08,0,881,159,18.0,11.0,6.0,6.0,6.0,8,5
2017-05-09,0,881,147,19.0,12.0,6.0,6.0,6.0,8,4
2017-05-10,0,882,134,20.0,11.0,6.0,5.0,5.0,6,4
2017-05-11,0,882,132,18.0,12.0,7.0,6.0,6.0,11,7
2017-05-12,0,883,146,17.0,11.0,7.0,6.0,7.0,11,7
2017-05-13,0,883,159,18.0,11.0,6.0,6.0,6.0,8,5
2017-05-14,0,881,141,20.0,11.0,6.0,5.0,5.0,7,3
2017-05-15,0,880,75,19.0,14.0,7.0,7.0,7.0,7,3
2017-05-16,0,881,74,18.0,16.0,9.0,8.0,8.0,6,3
2017-05-17,0,882,104,16.0,13.0,8.0,8.0,8.0,11,8
2017-05-18,0,882,102,16.0,13.0,8.0,8.0,8.0,10,7
2017-05-19,0,880,41,15.0,13.0,9.0,8.0,9.0,9,6
2017-05-20,0,881,44,16.0,15.0,9.0,9.0,9.0,6,3
2017-05-21,0,883,88,17.0,15.0,9.0,8.0,8.0,10,7
2017-05-22,0,883,80,19.0,16.0,8.0,8.0,8.0,6,4
2017-05-23,0,884,131,18.0,15.0,8.0,7.0,8.0,9,6
2017-05-24,0,885,150,17.0,14.0,8.0,7.0,8.0,11,7
2017-05-25,0,886,131,18.0,14.0,8.0,7.0,8.0,10,6
2017-05-26,0,886,148,17.0,14.0,8.0,8.0,8.0,10,7
2017-05-27,0,885,153,17.0,11.0,7.0,6.0,7.0,8,5
2017-05-28,0,886,135,17.0,12.0,7.0,7.0,7.0,8,5
2017-05-29,0,885,132,17.0,12.0,7.0,6.0,7.0,8,5
2017-05-30,0,884,143,17.0,11.0,7.0,6.0,6.0,6,4
2017-05-31,0,883,141,18.0,9.0,6.0,5.0,6.0,8,4
2017-06-01,0,882,115,20.0,12.0,6.0,5.0,5.0,6,2
2017-06-02,0,883,142,21.0,12.0,6.0,5.0,6.0,7,3
2017-06-03,0,885,118,18.0,12.0,7.0,6.0,6.0,9,6
2017-06-04,0,885,145,18.0,14.0,8.0,7.0,7.0,10,6
2017-06-05,0,884,134,19.0,13.0,7.0,6.0,7.0,5,3
2017-06-06,0,884,136,20.0,12.0,6.0,6.0,6.0,6,3
2017-06-07,0,883,145,20.0,12.0,6.0,5.0,6.0,7,4
2017-06-08,0,882,143,20.0,11.0,6.0,5.0,6.0,7,3
2017-06-09,0,882,131,21.0,12.0,6.0,5.0,5.0,6,2
2017-06-10,0,882,138,20.0,9.0,5.0,4.0,5.0,7,3
2017-06-11,0,883,127,18.0,11.0,6.0,6.0,6.0,8,5
2017-06-12,0,884,136,17.0,15.0,8.0,8.0,8.0,11,7
2017-06-13,0,885,112,17.0,13.0,8.0,7.0,8.0,11,6
2017-06-14,0,886,77,17.0,14.0,8.0,7.0,8.0,7,4
2017-06-15,0,886,129,16.0,12.0,8.0,7.0,7.0,13,8
2017-06-16,0,886,117,15.0,11.0,7.0,7.0,7.0,10,6
2017-06-17,0,885,143,16.0,11.0,7.0,6.0,7.0,7,4
2017-06-18,0,884,135,17.0,9.0,6.0,6.0,6.0,5,3
2017-06-19,0,884,134,18.0,7.0,5.0,5.0,5.0,5,2
2017-06-20,0,885,105,18.0,10.0,6.0,5.0,6.0,8,5
2017-06-21,0,887,96,16.0,11.0,7.0,7.0,7.0,11,7
2017-06-22,0,887,116,15.0,11.0,8.0,7.0,7.0,15,8
2017-06-23,0,887,127,15.0,10.0,7.0,7.0,7.0,13,7
2017-06-24,0,888,112,15.0,11.0,7.0,7.0,7.0,9,5
2017-06-25,0,888,144,15.0,9.0,7.0,6.0,7.0,12,7
2017-06-26,0,887,120,14.0,10.0,8.0,7.0,7.0,11,7
2017-06-27,0,887,130,14.0,9.0,7.0,7.0,7.0,11,7
2017-06-28,0,887,123,16.0,12.0,8.0,7.0,7.0,12,7
2017-06-29,0,887,150,15.0,8.0,6.0,6.0,6.0,9,6
2017-06-30,0,887,135,16.0,8.0,6.0,5.0,6.0,7,4
2017-07-01,0,887,123,16.0,6.0,5.0,5.0,5.0,7,4
2017-07-02,0,888,142,15.0,8.0,6.0,6.0,6.0,13,8
2017-07-03,0,890,150,12.0,5.0,6.0,6.0,6.0,17,10
2017-07-04,0,890,129,10.0,5.0,7.0,6.0,7.0,17,9
2017-07-05,0,890,85,12.0,7.0,7.0,7.0,7.0,10,5
2017-07-06,0,889,84,12.0,9.0,8.0,7.0,8.0,8,5
2017-07-07,0,889,86,13.0,9.0,8.0,7.0,7.0,9,5
2017-07-08,0,889,89,13.0,8.0,7.0,7.0,7.0,10,6
2017-07-09,0,889,125,14.0,9.0,7.0,7.0,7.0,10,6
2017-07-10,0,888,142,15.0,10.0,7.0,7.0,7.0,12,8
2017-07-11,0,888,147,16.0,10.0,7.0,6.0,7.0,11,7
2017-07-12,0,888,145,16.0,10.0,7.0,7.0,7.0,8,5
2017-07-13,0,888,137,15.0,10.0,7.0,7.0,7.0,10,5
2017-07-14,0,888,101,14.0,10.0,8.0,7.0,7.0,9,5
2017-07-15,0,888,104,14.0,10.0,8.0,7.0,7.0,10,6
2017-07-16,0,887,136,15.0,9.0,7.0,6.0,6.0,9,5
2017-07-17,0,887,121,16.0,8.0,6.0,5.0,6.0,6,3
2017-07-18,0,886,135,16.0,9.0,6.0,6.0,6.0,7,4
2017-07-19,0,886,141,15.0,9.0,7.0,6.0,6.0,11,7
2017-07-20,0,887,120,15.0,9.0,7.0,6.0,7.0,10,7
2017-07-21,0,886,120,16.0,9.0,6.0,5.0,6.0,8,5
2017-07-22,0,886,126,18.0,7.0,5.0,5.0,5.0,7,5
2017-07-23,0,888,158,16.0,5.0,5.0,4.0,5.0,9,5
2017-07-24,0,890,143,15.0,8.0,6.0,6.0,6.0,10,6
2017-07-25,0,890,144,16.0,9.0,7.0,6.0,6.0,9,5
2017-07-26,0,889,162,15.0,7.0,6.0,5.0,5.0,8,5
2017-07-27,0,888,141,15.0,7.0,6.0,6.0,6.0,8,4
2017-07-28,0,889,162,15.0,7.0,6.0,6.0,6.0,9,6
2017-07-29,0,890,111,13.0,9.0,7.0,7.0,7.0,11,6
2017-07-30,0,891,149,14.0,9.0,7.0,6.0,7.0,9,5
2017-07-31,0,888,136,14.0,7.0,7.0,6.0,6.0,9,5
2017-08-01,0,886,86,13.0,5.0,5.0,5.0,5.0,7,3
2017-08-02,0,886,128,15.0,6.0,6.0,5.0,5.0,7,4
2017-08-03,0,884,158,18.0,6.0,5.0,4.0,4.0,7,3
2017-08-04,0,883,162,19.0,6.0,4.0,3.0,4.0,10,5
2017-08-05,0,884,144,16.0,7.0,6.0,5.0,6.0,14,9
2017-08-06,0,885,156,14.0,9.0,7.0,6.0,7.0,14,9
2017-08-07,0,885,169,15.0,9.0,7.0,6.0,6.0,11,7
2017-08-08,0,884,169,18.0,7.0,5.0,5.0,5.0,9,5
2017-08-09,0,883,163,20.0,7.0,4.0,4.0,4.0,7,3
2017-08-10,0,883,155,24.0,5.0,3.0,2.0,3.0,5,2
2017-08-11,0,883,168,18.0,11.0,6.0,6.0,6.0,12,8
2017-08-12,0,884,170,17.0,11.0,7.0,7.0,7.0,9,6
2017-08-13,0,884,164,18.0,10.0,6.0,6.0,6.0,8,5
2017-08-14,0,883,165,20.0,9.0,5.0,4.0,5.0,5,3
2017-08-15,0,882,161,19.0,11.0,6.0,5.0,6.0,11,7
2017-08-16,0,883,160,17.0,10.0,6.0,6.0,6.0,9,5
2017-08-17,0,882,158,19.0,10.0,6.0,5.0,5.0,9,5
2017-08-18,0,882,140,18.0,11.0,6.0,6.0,6.0,12,7
2017-08-19,0,882,171,19.0,11.0,6.0,6.0,6.0,12,8
2017-08-20,0,882,174,19.0,10.0,6.0,5.0,6.0,10,6
2017-08-21,0,884,160,19.0,11.0,6.0,6.0,6.0,14,9
2017-08-22,0,887,179,15.0,9.0,7.0,6.0,7.0,18,12
2017-08-23,0,887,162,15.0,10.0,7.0,7.0,7.0,11,7
2017-08-24,0,886,175,15.0,9.0,7.0,6.0,7.0,10,6
2017-08-25,0,886,194,15.0,6.0,6.0,5.0,6.0,11,6
2017-08-26,0,885,194,16.0,5.0,5.0,5.0,5.0,10,6
2017-08-27,0,883,190,17.0,6.0,5.0,4.0,5.0,9,5
2017-08-28,0,883,186,19.0,6.0,5.0,4.0,4.0,10,6
2017-08-29,0,884,196,19.0,6.0,4.0,4.0,4.0,10,6
2017-08-30,0,884,188,19.0,7.0,5.0,4.0,4.0,8,5
2017-08-31,0,884,190,22.0,8.0,4.0,4.0,4.0,9,5
2017-09-01,0,888,102,17.0,11.0,7.0,6.0,7.0,13,8
2017-09-02,0,889,198,15.0,8.0,6.0,6.0,6.0,11,6
2017-09-03,0,889,190,14.0,6.0,6.0,5.0,6.0,12,7
2017-09-04,0,888,173,14.0,7.0,6.0,6.0,6.0,10,6
2017-09-05,0,887,198,16.0,6.0,5.0,5.0,5.0,8,4
2017-09-06,0,885,201,19.0,7.0,5.0,4.0,5.0,9,5
2017-09-07,0,885,205,19.0,7.0,4.0,4.0,4.0,9,5
2017-09-08,0,884,177,17.0,7.0,5.0,4.0,5.0,10,6
2017-09-09,0,885,188,17.0,7.0,5.0,5.0,5.0,10,6
2017-09-10,0,885,171,18.0,10.0,6.0,5.0,6.0,11,6
2017-09-11,0,886,207,19.0,10.0,6.0,5.0,5.0,10,6
2017-09-12,0,886,210,18.0,7.0,5.0,5.0,5.0,11,7
2017-09-13,0,887,210,18.0,9.0,6.0,5.0,5.0,10,6
2017-09-14,0,887,192,19.0,9.0,5.0,5.0,5.0,9,5
2017-09-15,0,887,195,20.0,8.0,5.0,4.0,5.0,10,6
2017-09-16,0,886,197,19.0,8.0,5.0,5.0,5.0,10,6
2017-09-17,0,886,188,18.0,10.0,6.0,5.0,6.0,9,5
2017-09-18,0,886,187,18.0,9.0,6.0,5.0,6.0,10,6
2017-09-19,0,886,154,18.0,9.0,6.0,5.0,5.0,10,6
2017-09-20,0,887,161,17.0,10.0,6.0,6.0,6.0,11,6
2017-09-21,0,887,179,18.0,8.0,5.0,5.0,5.0,10,6
2017-09-22,0,886,155,17.0,8.0,5.0,5.0,5.0,9,5
2017-09-23,0,885,158,18.0,8.0,6.0,5.0,5.0,9,5
2017-09-24,0,884,191,19.0,8.0,5.0,5.0,5.0,9,5
2017-09-25,0,885,159,18.0,7.0,5.0,5.0,5.0,10,6
2017-09-26,0,884,147,17.0,9.0,6.0,5.0,6.0,10,6
2017-09-27,0,883,158,18.0,11.0,6.0,6.0,6.0,10,6
2017-09-28,0,883,182,21.0,11.0,5.0,5.0,5.0,6,3
2017-09-29,1,883,182,21.0,13.0,6.0,5.0,6.0,11,6
2017-09-30,1,880,16,16.0,13.0,8.0,7.0,8.0,9,5
2017-10-01,0,878,128,19.0,12.0,6.0,5.0,5.0,7,3
2017-10-02,0,878,130,20.0,15.0,8.0,7.0,7.0,10,6
2017-10-03,0,882,46,18.0,14.0,7.0,7.0,7.0,9,4
2017-10-04,0,883,100,18.0,14.0,8.0,7.0,8.0,12,8
2017-10-05,0,884,143,18.0,14.0,8.0,7.0,7.0,12,7
2017-10-06,0,885,209,20.0,12.0,6.0,5.0,6.0,11,7
2017-10-07,0,883,195,21.0,12.0,6.0,5.0,5.0,9,5
2017-10-08,0,883,169,20.0,11.0,5.0,5.0,5.0,9,6
2017-10-09,0,882,206,20.0,11.0,5.0,5.0,5.0,10,6
2017-10-10,0,881,206,22.0,10.0,5.0,4.0,4.0,10,6
2017-10-11,0,881,212,23.0,10.0,4.0,4.0,4.0,9,5
2017-10-12,0,881,214,23.0,9.0,4.0,4.0,4.0,9,5
2017-10-13,0,881,220,22.0,9.0,4.0,4.0,4.0,9,5
2017-10-14,0,880,215,24.0,7.0,4.0,3.0,3.0,8,5
2017-10-15,0,881,157,23.0,12.0,5.0,4.0,4.0,11,7
2017-10-16,0,884,134,19.0,15.0,7.0,7.0,7.0,13,8
2017-10-17,0,886,186,20.0,13.0,6.0,6.0,6.0,12,7
2017-10-18,0,885,227,19.0,10.0,6.0,5.0,5.0,12,6
2017-10-19,0,883,222,20.0,7.0,5.0,4.0,4.0,9,5
2017-10-20,0,882,211,23.0,6.0,4.0,3.0,3.0,7,4
2017-10-21,0,882,163,25.0,9.0,4.0,3.0,3.0,10,5
2017-10-22,0,882,150,23.0,13.0,5.0,5.0,5.0,10,6
2017-10-23,1,882,116,20.0,14.0,7.0,6.0,6.0,14,8
2017-10-24,0,883,92,19.0,14.0,7.0,6.0,7.0,14,9
2017-10-25,0,883,189,20.0,12.0,6.0,6.0,6.0,12,7
2017-10-26,0,881,211,21.0,12.0,6.0,5.0,5.0,10,6
2017-10-27,0,879,148,22.0,12.0,5.0,5.0,5.0,10,5
2017-10-28,1,879,107,19.0,15.0,7.0,6.0,7.0,10,5
2017-10-29,0,880,162,22.0,14.0,6.0,6.0,6.0,7,4
2017-10-30,0,878,101,19.0,15.0,7.0,6.0,7.0,9,5
2017-10-31,0,877,96,20.0,15.0,6.0,6.0,6.0,9,4
2017-11-01,0,880,44,16.0,13.0,8.0,7.0,8.0,15,10
2017-11-02,0,883,174,17.0,13.0,7.0,6.0,7.0,13,8
2017-11-03,0,883,175,18.0,13.0,7.0,6.0,7.0,11,6
2017-11-04,0,881,141,20.0,14.0,7.0,6.0,6.0,9,5
2017-11-05,0,880,108,21.0,15.0,7.0,6.0,6.0,7,3
2017-11-06,0,880,117,20.0,16.0,8.0,7.0,7.0,10,6
2017-11-07,0,880,154,17.0,14.0,7.0,6.0,7.0,14,9
2017-11-08,0,880,120,17.0,14.0,8.0,7.0,7.0,11,7
2017-11-09,0,881,72,16.0,18.0,9.0,8.0,9.0,9,5
2017-11-10,0,879,65,17.0,16.0,9.0,8.0,8.0,7,4
2017-11-11,0,876,31,18.0,19.0,10.0,9.0,10.0,8,3
2017-11-12,1,875,105,20.0,13.0,5.0,4.0,5.0,8,3
2017-11-13,0,877,223,23.0,6.0,3.0,3.0,3.0,8,4
2017-11-14,0,880,195,21.0,12.0,5.0,5.0,5.0,11,7
2017-11-15,0,882,175,20.0,13.0,7.0,6.0,6.0,10,5
2017-11-16,0,882,205,21.0,13.0,6.0,5.0,6.0,8,5
2017-11-17,0,880,191,22.0,13.0,6.0,5.0,6.0,8,4
2017-11-18,0,878,165,22.0,14.0,6.0,5.0,6.0,7,3
2017-11-19,1,878,130,20.0,16.0,8.0,6.0,7.0,6,2
2017-11-20,0,879,82,21.0,18.0,7.0,6.0,7.0,5,2
2017-11-21,1,880,69,18.0,18.0,10.0,7.0,7.0,5,2
2017-11-22,0,878,41,18.0,19.0,10.0,9.0,9.0,7,3
2017-11-23,0,880,66,18.0,20.0,10.0,8.0,9.0,6,3
2017-11-24,0,882,82,18.0,18.0,9.0,8.0,8.0,10,6
2017-11-25,0,882,113,19.0,16.0,7.0,6.0,7.0,9,6
2017-11-26,0,881,104,19.0,15.0,8.0,7.0,7.0,8,4
2017-11-27,0,881,81,21.0,15.0,7.0,6.0,7.0,5,2
2017-11-28,0,881,121,20.0,17.0,8.0,7.0,7.0,6,3
2017-11-29,0,879,157,20.0,16.0,7.0,6.0,7.0,14,8
2017-11-30,0,878,129,19.0,15.0,7.0,6.0,6.0,10,5
2017-12-01,1,878,28,17.0,,,,,8,4
2017-12-02,1,878,41,18.0,20.0,10.0,8.0,9.0,6,3
2017-12-03,1,878,67,19.0,21.0,10.0,8.0,9.0,6,2
2017-12-04,2,878,52,20.0,19.0,9.0,7.0,8.0,7,3
2017-12-05,0,880,116,21.0,18.0,8.0,7.0,7.0,6,3
2017-12-06,0,880,107,20.0,18.0,8.0,7.0,8.0,9,5
2017-12-07,0,878,75,18.0,18.0,9.0,7.0,8.0,8,5
2017-12-08,1,875,37,18.0,,,,,7,3
2017-12-09,0,875,130,22.0,16.0,6.0,5.0,6.0,7,3
2017-12-10,0,874,170,22.0,16.0,7.0,6.0,6.0,8,4
2017-12-11,0,875,43,20.0,17.0,8.0,7.0,8.0,5,2
2017-12-12,0,879,142,20.0,16.0,7.0,6.0,6.0,9,5
2017-12-13,0,882,132,18.0,14.0,8.0,7.0,7.0,11,6
2017-12-14,0,883,74,18.0,16.0,7.0,7.0,7.0,9,5
2017-12-15,0,882,125,19.0,16.0,8.0,7.0,7.0,8,4
2017-12-16,0,881,85,19.0,17.0,8.0,7.0,8.0,5,2
2017-12-17,0,882,147,20.0,15.0,6.0,5.0,6.0,7,4
2017-12-18,0,883,197,21.0,14.0,7.0,6.0,6.0,9,5
2017-12-19,0,883,186,21.0,14.0,7.0,6.0,6.0,9,4
2017-12-20,0,882,215,21.0,13.0,6.0,5.0,6.0,9,5
2017-12-21,0,880,171,21.0,15.0,7.0,6.0,7.0,8,5
2017-12-22,0,881,137,21.0,15.0,7.0,6.0,7.0,9,5
2017-12-23,0,881,199,22.0,15.0,6.0,6.0,6.0,8,4
2017-12-24,0,880,182,23.0,16.0,6.0,6.0,6.0,7,3
2017-12-25,0,879,132,24.0,17.0,6.0,6.0,6.0,6,3
2017-12-26,0,880,133,23.0,17.0,7.0,6.0,6.0,8,5
2017-12-27,0,881,147,23.0,17.0,7.0,7.0,7.0,9,5
2017-12-28,0,880,178,23.0,17.0,7.0,6.0,7.0,10,5
2017-12-29,0,880,128,22.0,17.0,7.0,7.0,7.0,9,5
2017-12-30,2,880,55,20.0,18.0,8.0,8.0,8.0,8,4
2017-12-31,0,881,112,20.0,17.0,8.0,6.0,7.0,7,3
2018-01-01,0,880,146,22.0,16.0,7.0,6.0,6.0,7,3
2018-01-02,0,878,114,21.0,17.0,7.0,6.0,7.0,7,3
2018-01-03,0,877,106,21.0,17.0,7.0,6.0,7.0,9,4
2018-01-04,0,880,30,18.0,,,,,6,2
2018-01-05,0,882,104,19.0,18.0,7.0,6.0,7.0,7,3
2018-01-06,0,882,113,20.0,17.0,8.0,7.0,8.0,5,2
2018-01-07,0,881,147,21.0,17.0,7.0,6.0,7.0,6,3
2018-01-08,0,882,182,21.0,15.0,7.0,6.0,6.0,9,5
2018-01-09,0,884,183,21.0,13.0,6.0,6.0,6.0,9,5
2018-01-10,0,885,212,22.0,14.0,7.0,6.0,6.0,10,5
2018-01-11,0,884,171,20.0,14.0,7.0,6.0,6.0,9,5
2018-01-12,0,882,154,21.0,14.0,6.0,6.0,6.0,7,3
2018-01-13,0,880,168,21.0,14.0,7.0,6.0,6.0,8,4
2018-01-14,0,882,100,20.0,17.0,8.0,7.0,8.0,8,4
2018-01-15,0,882,97,21.0,17.0,8.0,7.0,8.0,7,4
2018-01-16,0,883,178,22.0,17.0,7.0,6.0,6.0,8,4
2018-01-17,0,883,202,22.0,14.0,6.0,5.0,6.0,8,5
2018-01-18,0,883,224,23.0,11.0,5.0,4.0,5.0,7,4
2018-01-19,0,883,195,23.0,12.0,5.0,4.0,5.0,7,4
2018-01-20,0,882,206,24.0,10.0,4.0,4.0,4.0,7,4
2018-01-21,0,881,199,24.0,9.0,4.0,3.0,4.0,8,5
2018-01-22,0,880,130,22.0,14.0,6.0,5.0,6.0,9,5
2018-01-23,0,880,127,21.0,16.0,7.0,7.0,7.0,9,6
2018-01-24,0,880,152,22.0,15.0,7.0,6.0,6.0,8,4
2018-01-25,0,879,195,22.0,15.0,6.0,6.0,6.0,9,6
2018-01-26,0,879,142,22.0,13.0,6.0,5.0,6.0,8,4
2018-01-27,0,879,137,22.0,15.0,6.0,6.0,6.0,8,5
2018-01-28,0,879,184,22.0,15.0,7.0,6.0,6.0,9,5
2018-01-29,0,878,125,22.0,16.0,7.0,6.0,6.0,7,3
2018-01-30,0,877,75,20.0,19.0,9.0,7.0,8.0,7,2
2018-01-31,1,877,55,19.0,20.0,9.0,8.0,8.0,7,3
2018-02-01,0,878,80,18.0,19.0,9.0,8.0,9.0,10,5
2018-02-02,1,877,51,18.0,,,,,8,4
2018-02-03,0,875,79,18.0,18.0,9.0,7.0,8.0,9,5
2018-02-04,0,877,38,17.0,,,,,10,6
2018-02-05,3,877,31,16.0,,,,,11,6
2018-02-06,1,877,61,18.0,20.0,10.0,8.0,9.0,6,2
2018-02-07,0,878,102,19.0,17.0,7.0,6.0,7.0,5,2
2018-02-08,0,880,152,22.0,16.0,7.0,6.0,7.0,6,2
2018-02-09,0,881,134,21.0,17.0,8.0,7.0,7.0,10,6
2018-02-10,0,882,94,21.0,19.0,9.0,8.0,8.0,6,3
2018-02-11,0,882,157,22.0,17.0,7.0,7.0,7.0,8,4
2018-02-12,0,881,177,22.0,12.0,6.0,5.0,5.0,6,3
2018-02-13,0,882,195,22.0,14.0,6.0,5.0,6.0,7,4
2018-02-14,0,883,199,22.0,14.0,6.0,6.0,6.0,8,5
2018-02-15,0,884,166,21.0,14.0,7.0,6.0,6.0,8,5
2018-02-16,0,885,136,20.0,16.0,8.0,7.0,8.0,8,5
2018-02-17,0,883,130,20.0,16.0,8.0,7.0,7.0,8,5
2018-02-18,0,881,146,21.0,15.0,7.0,6.0,7.0,7,4
2018-02-19,0,879,91,20.0,17.0,8.0,7.0,8.0,8,4
2018-02-20,1,879,113,20.0,18.0,8.0,7.0,8.0,7,3
2018-02-21,0,879,56,20.0,20.0,9.0,8.0,8.0,6,2
2018-02-22,0,879,38,19.0,20.0,10.0,9.0,9.0,6,3
2018-02-23,0,880,75,19.0,18.0,8.0,7.0,8.0,5,2
2018-02-24,0,881,127,20.0,19.0,8.0,7.0,8.0,10,6
2018-02-25,0,881,131,20.0,17.0,7.0,6.0,7.0,10,6
2018-02-26,0,882,117,20.0,18.0,9.0,8.0,8.0,10,5
2018-02-27,0,881,109,21.0,17.0,7.0,6.0,6.0,6,3
2018-02-28,0,881,90,21.0,18.0,8.0,7.0,7.0,8,4
2018-03-01,0,882,141,22.0,17.0,8.0,6.0,7.0,6,3
2018-03-02,1,882,80,21.0,20.0,9.0,8.0,9.0,6,3
2018-03-03,0,880,123,22.0,19.0,8.0,7.0,8.0,7,4
2018-03-04,0,878,111,21.0,19.0,8.0,7.0,8.0,6,3
2018-03-05,0,878,121,22.0,19.0,8.0,7.0,8.0,6,2
2018-03-06,0,878,164,23.0,18.0,7.0,7.0,7.0,5,2
2018-03-07,0,879,118,22.0,18.0,8.0,7.0,7.0,6,3
2018-03-08,1,879,144,22.0,18.0,8.0,7.0,7.0,6,3
2018-03-09,3,880,47,19.0,20.0,10.0,9.0,9.0,5,3
2018-03-10,0,879,105,20.0,21.0,9.0,7.0,8.0,6,3
2018-03-11,0,878,59,19.0,22.0,10.0,9.0,9.0,6,2
2018-03-12,0,877,144,22.0,17.0,7.0,6.0,6.0,6,2
2018-03-13,0,879,174,24.0,16.0,6.0,5.0,5.0,4,2
2018-03-14,1,881,72,23.0,19.0,7.0,6.0,7.0,8,5
2018-03-15,0,882,179,24.0,18.0,7.0,6.0,7.0,7,4
2018-03-16,1,881,141,22.0,17.0,7.0,6.0,7.0,8,3
2018-03-17,0,881,83,20.0,18.0,8.0,7.0,8.0,7,4
2018-03-18,0,880,167,21.0,17.0,7.0,6.0,7.0,8,4
2018-03-19,0,880,191,22.0,17.0,7.0,6.0,6.0,6,3
2018-03-20,0,880,111,21.0,17.0,7.0,7.0,7.0,5,2
2018-03-21,0,881,74,20.0,16.0,8.0,7.0,7.0,4,2
2018-03-22,0,880,124,20.0,18.0,9.0,7.0,8.0,6,3
2018-03-23,0,881,139,20.0,18.0,8.0,7.0,7.0,10,6
2018-03-24,0,883,148,19.0,15.0,8.0,7.0,7.0,9,5
2018-03-25,0,883,168,20.0,16.0,8.0,7.0,7.0,10,6
2018-03-26,0,883,188,20.0,14.0,7.0,6.0,6.0,9,5
2018-03-27,0,884,169,20.0,14.0,7.0,6.0,7.0,9,5
2018-03-28,0,883,166,20.0,14.0,7.0,6.0,7.0,8,5
2018-03-29,0,883,183,19.0,15.0,7.0,7.0,7.0,9,5
2018-03-30,0,882,166,19.0,15.0,7.0,6.0,7.0,9,6
2018-03-31,0,881,160,20.0,15.0,7.0,7.0,7.0,8,5
2018-04-01,0,880,184,20.0,15.0,7.0,6.0,7.0,7,4
2018-04-02,0,880,118,21.0,16.0,7.0,7.0,7.0,6,3
2018-04-03,0,878,141,22.0,17.0,7.0,7.0,7.0,5,3
2018-04-04,0,878,141,21.0,17.0,8.0,6.0,7.0,6,3
2018-04-05,0,878,133,20.0,18.0,8.0,6.0,7.0,6,3
2018-04-06,0,880,110,19.0,15.0,7.0,6.0,7.0,8,5
2018-04-07,0,881,143,20.0,16.0,8.0,7.0,7.0,9,6
2018-04-08,0,882,139,20.0,16.0,7.0,6.0,7.0,7,4
2018-04-09,0,883,158,19.0,16.0,7.0,6.0,7.0,9,5
2018-04-10,0,884,145,19.0,15.0,7.0,6.0,7.0,8,4
2018-04-11,0,884,161,19.0,14.0,7.0,6.0,6.0,10,5
2018-04-12,0,884,104,18.0,13.0,7.0,7.0,7.0,12,7
2018-04-13,0,885,152,19.0,15.0,8.0,7.0,7.0,9,5
2018-04-14,0,885,158,20.0,14.0,7.0,6.0,7.0,9,6
2018-04-15,0,885,110,19.0,15.0,7.0,7.0,7.0,13,7
2018-04-16,0,884,99,17.0,15.0,9.0,8.0,8.0,16,9
2018-04-17,0,885,148,17.0,12.0,7.0,7.0,7.0,16,9
2018-04-18,0,887,153,17.0,11.0,7.0,7.0,7.0,12,7
2018-04-19,0,887,138,17.0,13.0,8.0,7.0,7.0,7,4
2018-04-20,0,884,139,18.0,13.0,7.0,6.0,7.0,7,4
2018-04-21,0,883,95,17.0,14.0,8.0,7.0,8.0,9,6
2018-04-22,0,883,123,17.0,13.0,8.0,7.0,7.0,10,6
2018-04-23,0,884,117,17.0,13.0,8.0,7.0,7.0,10,5
2018-04-24,0,885,119,18.0,14.0,8.0,7.0,8.0,10,6
2018-04-25,0,885,120,18.0,15.0,8.0,7.0,8.0,9,6
2018-04-26,0,884,155,19.0,15.0,7.0,7.0,7.0,9,6
2018-04-27,0,884,142,19.0,14.0,8.0,7.0,7.0,9,5
2018-04-28,0,885,149,19.0,14.0,7.0,6.0,7.0,9,5
2018-04-29,0,884,131,18.0,13.0,7.0,7.0,7.0,8,4
2018-04-30,0,884,162,18.0,11.0,6.0,6.0,6.0,7,4
2018-05-01,0,885,150,19.0,10.0,6.0,5.0,5.0,6,4
2018-05-02,0,885,180,19.0,8.0,5.0,4.0,5.0,9,6
2018-05-03,0,885,166,19.0,10.0,5.0,5.0,5.0,9,6
2018-05-04,0,884,162,19.0,12.0,6.0,6.0,6.0,9,6
2018-05-05,0,885,146,19.0,14.0,7.0,6.0,7.0,7,4
2018-05-06,0,885,120,19.0,14.0,8.0,7.0,7.0,7,4
2018-05-07,0,885,120,18.0,13.0,7.0,7.0,7.0,11,7
2018-05-08,0,884,124,18.0,13.0,7.0,6.0,7.0,12,7
2018-05-09,0,885,122,17.0,13.0,8.0,7.0,7.0,15,9
2018-05-10,0,884,161,16.0,12.0,7.0,7.0,7.0,11,7
2018-05-11,0,884,159,18.0,11.0,7.0,6.0,6.0,7,4
2018-05-12,0,882,138,20.0,12.0,6.0,6.0,6.0,5,2
2018-05-13,0,882,108,20.0,12.0,6.0,5.0,6.0,4,2
2018-05-14,0,884,123,19.0,15.0,8.0,7.0,7.0,10,6
2018-05-15,0,884,110,18.0,14.0,8.0,7.0,7.0,8,4
2018-05-16,0,883,123,19.0,14.0,7.0,7.0,7.0,7,4
2018-05-17,0,883,110,19.0,15.0,8.0,7.0,8.0,7,4
2018-05-18,0,883,106,18.0,15.0,8.0,8.0,8.0,9,5
2018-05-19,0,881,87,18.0,15.0,9.0,8.0,8.0,9,5
2018-05-20,0,879,52,14.0,11.0,8.0,8.0,8.0,11,5
2018-05-21,0,882,163,15.0,4.0,5.0,4.0,4.0,3,1
2018-05-22,0,884,159,17.0,8.0,6.0,5.0,5.0,6,3
2018-05-23,0,885,157,18.0,11.0,7.0,6.0,7.0,6,3
2018-05-24,0,887,123,16.0,12.0,8.0,7.0,7.0,11,8
2018-05-25,0,886,134,16.0,12.0,8.0,7.0,8.0,10,6
2018-05-26,0,886,121,15.0,13.0,8.0,8.0,8.0,10,7
2018-05-27,0,887,135,16.0,12.0,8.0,7.0,8.0,10,6
2018-05-28,0,887,154,15.0,10.0,7.0,7.0,7.0,11,7
2018-05-29,0,887,125,15.0,11.0,7.0,7.0,7.0,11,8
2018-05-30,0,886,134,15.0,10.0,7.0,6.0,7.0,9,6
2018-05-31,0,884,118,15.0,10.0,7.0,7.0,7.0,8,5
2018-06-01,0,883,122,17.0,11.0,7.0,6.0,6.0,6,4
2018-06-02,0,884,133,18.0,12.0,7.0,6.0,6.0,5,3
2018-06-03,0,886,121,20.0,11.0,6.0,5.0,5.0,5,3
2018-06-04,0,886,111,17.0,14.0,8.0,8.0,8.0,12,8
2018-06-05,0,883,121,16.0,13.0,8.0,7.0,8.0,8,5
2018-06-06,0,881,121,18.0,14.0,7.0,7.0,7.0,7,4
2018-06-07,0,883,101,20.0,14.0,7.0,6.0,6.0,5,2
2018-06-08,0,884,111,19.0,14.0,7.0,7.0,7.0,6,3
2018-06-09,0,885,107,18.0,16.0,8.0,8.0,8.0,8,6
2018-06-10,0,885,121,17.0,15.0,8.0,7.0,8.0,11,7
2018-06-11,0,885,112,17.0,15.0,7.0,6.0,7.0,6,3
2018-06-12,0,884,124,19.0,14.0,8.0,7.0,7.0,5,2
2018-06-13,0,884,137,20.0,14.0,7.0,6.0,6.0,4,2
2018-06-14,0,885,135,20.0,15.0,7.0,7.0,7.0,6,4
2018-06-15,0,886,81,18.0,15.0,8.0,7.0,8.0,9,5
2018-06-16,0,887,137,17.0,13.0,7.0,7.0,7.0,8,5
2018-06-17,0,888,107,16.0,13.0,8.0,7.0,8.0,8,5
2018-06-18,0,889,125,16.0,13.0,8.0,7.0,7.0,9,6
2018-06-19,0,889,90,15.0,14.0,9.0,8.0,8.0,12,7
2018-06-20,0,888,145,15.0,13.0,7.0,6.0,7.0,10,6
2018-06-21,0,887,144,16.0,11.0,6.0,5.0,5.0,7,4
2018-06-22,0,886,131,18.0,11.0,6.0,6.0,6.0,5,3
2018-06-23,0,885,126,18.0,12.0,7.0,6.0,6.0,8,5
2018-06-24,0,885,61,17.0,14.0,8.0,7.0,8.0,7,5
2018-06-25,0,884,132,17.0,13.0,7.0,7.0,7.0,8,5
2018-06-26,0,884,97,18.0,14.0,7.0,7.0,7.0,7,4
2018-06-27,0,885,86,18.0,13.0,7.0,6.0,7.0,6,4
2018-06-28,0,886,121,17.0,11.0,7.0,6.0,7.0,9,5
2018-06-29,0,885,115,16.0,10.0,7.0,6.0,7.0,8,5
2018-06-30,0,883,121,17.0,12.0,7.0,6.0,7.0,7,4
2018-07-01,0,883,129,17.0,13.0,7.0,7.0,7.0,7,4
2018-07-02,0,883,135,18.0,12.0,7.0,6.0,7.0,7,4
2018-07-03,0,883,122,19.0,11.0,6.0,5.0,5.0,5,3
2018-07-04,0,884,138,18.0,11.0,6.0,6.0,6.0,9,6
2018-07-05,0,885,126,17.0,11.0,7.0,6.0,6.0,7,4
2018-07-06,0,885,149,17.0,10.0,7.0,6.0,6.0,7,4
2018-07-07,0,885,149,17.0,10.0,6.0,6.0,6.0,8,4
2018-07-08,0,884,145,18.0,10.0,6.0,5.0,5.0,5,2
2018-07-09,0,884,143,20.0,10.0,5.0,5.0,5.0,5,2
2018-07-10,0,884,139,20.0,10.0,5.0,5.0,5.0,6,3
2018-07-11,0,884,97,16.0,13.0,7.0,6.0,7.0,8,5
2018-07-12,0,886,140,15.0,12.0,7.0,6.0,7.0,8,5
2018-07-13,0,886,120,16.0,12.0,7.0,6.0,6.0,8,5
2018-07-14,0,885,112,17.0,12.0,8.0,7.0,7.0,6,3
2018-07-15,0,886,134,17.0,12.0,7.0,6.0,7.0,8,5
2018-07-16,0,887,153,17.0,11.0,7.0,6.0,6.0,7,4
2018-07-17,0,887,137,17.0,12.0,8.0,7.0,7.0,8,5
2018-07-18,0,887,106,16.0,12.0,7.0,7.0,7.0,9,5
2018-07-19,0,886,145,17.0,12.0,7.0,6.0,7.0,8,5
2018-07-20,0,885,156,17.0,11.0,7.0,6.0,7.0,7,4
2018-07-21,0,885,152,18.0,11.0,6.0,6.0,6.0,7,4
2018-07-22,0,885,142,17.0,12.0,7.0,7.0,7.0,10,6
2018-07-23,0,887,122,16.0,11.0,7.0,6.0,7.0,8,5
2018-07-24,0,887,131,16.0,11.0,7.0,6.0,7.0,9,6
2018-07-25,0,888,153,16.0,10.0,7.0,6.0,6.0,9,5
2018-07-26,0,888,148,15.0,10.0,7.0,6.0,7.0,9,6
2018-07-27,0,886,147,16.0,10.0,7.0,6.0,7.0,9,6
2018-07-28,0,885,157,17.0,10.0,6.0,6.0,6.0,8,5
2018-07-29,0,884,158,17.0,11.0,7.0,6.0,6.0,8,5
2018-07-30,0,883,156,18.0,11.0,6.0,6.0,6.0,6,3
2018-07-31,0,882,109,19.0,11.0,6.0,5.0,6.0,7,3
2018-08-01,0,882,127,17.0,13.0,8.0,7.0,7.0,9,6
2018-08-02,0,883,91,16.0,15.0,8.0,7.0,8.0,10,7
2018-08-03,0,882,124,16.0,15.0,8.0,7.0,7.0,12,7
2018-08-04,0,882,69,16.0,16.0,9.0,8.0,8.0,7,4
2018-08-05,0,882,110,19.0,15.0,8.0,7.0,7.0,4,2
2018-08-06,0,884,84,19.0,16.0,8.0,8.0,8.0,8,5
2018-08-07,0,885,81,17.0,17.0,9.0,7.0,8.0,10,6
2018-08-08,0,886,149,18.0,15.0,7.0,6.0,6.0,10,7
2018-08-09,0,884,80,18.0,15.0,8.0,7.0,8.0,7,4
2018-08-10,0,882,107,19.0,15.0,7.0,7.0,7.0,8,3
2018-08-11,0,882,185,20.0,4.0,4.0,3.0,3.0,8,4
2018-08-12,0,883,183,19.0,2.0,3.0,3.0,3.0,7,4
2018-08-13,0,883,178,17.0,9.0,6.0,6.0,6.0,9,6
2018-08-14,0,883,180,17.0,9.0,6.0,5.0,6.0,9,6
2018-08-15,0,883,176,19.0,10.0,6.0,5.0,6.0,9,6
2018-08-16,0,886,108,17.0,12.0,7.0,7.0,7.0,13,9
2018-08-17,0,888,79,15.0,13.0,8.0,7.0,8.0,9,6
2018-08-18,0,887,133,15.0,13.0,7.0,6.0,7.0,12,7
2018-08-19,0,887,152,16.0,12.0,6.0,5.0,6.0,9,5
2018-08-20,0,887,181,17.0,10.0,6.0,5.0,6.0,9,5
2018-08-21,0,887,191,17.0,9.0,6.0,5.0,6.0,9,6
2018-08-22,0,886,168,17.0,9.0,6.0,5.0,6.0,8,5
2018-08-23,0,884,153,18.0,11.0,6.0,6.0,6.0,10,6
2018-08-24,0,884,181,19.0,12.0,6.0,6.0,6.0,9,6
2018-08-25,0,885,110,18.0,12.0,7.0,6.0,7.0,8,5
2018-08-26,0,885,141,19.0,14.0,7.0,6.0,7.0,8,5
2018-08-27,0,887,156,18.0,13.0,7.0,6.0,7.0,12,7
2018-08-28,0,887,81,15.0,13.0,7.0,7.0,7.0,13,8
2018-08-29,0,888,126,16.0,13.0,8.0,8.0,8.0,10,6
2018-08-30,0,886,144,16.0,13.0,8.0,7.0,8.0,9,5
2018-08-31,0,883,176,18.0,11.0,7.0,6.0,6.0,9,5
2018-09-01,0,883,190,20.0,11.0,6.0,5.0,5.0,8,5
2018-09-02,0,882,196,20.0,12.0,6.0,6.0,6.0,9,6
2018-09-03,0,880,182,21.0,12.0,6.0,5.0,6.0,7,4
2018-09-04,0,878,160,19.0,11.0,6.0,5.0,6.0,9,4
2018-09-05,0,881,206,16.0,7.0,5.0,5.0,5.0,10,5
2018-09-06,0,884,201,17.0,10.0,6.0,6.0,6.0,14,9
2018-09-07,0,885,203,18.0,11.0,7.0,6.0,6.0,11,7
2018-09-08,0,884,212,18.0,10.0,6.0,6.0,6.0,8,5
2018-09-09,0,884,213,18.0,9.0,6.0,5.0,6.0,9,5
2018-09-10,0,883,203,19.0,10.0,6.0,5.0,5.0,10,6
2018-09-11,0,882,184,19.0,11.0,6.0,5.0,6.0,9,5
2018-09-12,0,883,172,18.0,14.0,8.0,7.0,7.0,14,9
2018-09-13,0,883,180,17.0,14.0,8.0,8.0,8.0,13,8
2018-09-14,0,881,172,17.0,13.0,8.0,7.0,7.0,10,6
2018-09-15,1,880,37,16.0,17.0,10.0,9.0,10.0,5,2
2018-09-16,0,880,108,18.0,17.0,9.0,8.0,8.0,5,2
2018-09-17,0,881,61,18.0,17.0,9.0,8.0,9.0,6,3
2018-09-18,0,881,62,18.0,16.0,9.0,8.0,8.0,4,2
2018-09-19,0,882,143,21.0,17.0,8.0,7.0,7.0,4,2
2018-09-20,0,883,63,19.0,17.0,8.0,8.0,8.0,6,3
2018-09-21,0,882,92,19.0,17.0,7.0,7.0,7.0,7,3
2018-09-22,0,881,166,22.0,17.0,7.0,7.0,7.0,6,3
2018-09-23,0,881,175,21.0,16.0,7.0,7.0,7.0,10,6
2018-09-24,0,882,179,22.0,15.0,6.0,6.0,6.0,9,6
2018-09-25,0,881,204,22.0,13.0,6.0,5.0,5.0,10,6
2018-09-26,0,881,201,21.0,13.0,6.0,6.0,6.0,10,6
2018-09-27,0,881,194,22.0,14.0,6.0,6.0,6.0,9,5
2018-09-28,0,881,111,22.0,16.0,7.0,6.0,6.0,9,6
2018-09-29,0,881,153,20.0,18.0,8.0,7.0,8.0,13,8
2018-09-30,0,881,74,19.0,18.0,8.0,8.0,8.0,11,7
2018-10-01,0,882,138,20.0,17.0,8.0,7.0,7.0,11,6
2018-10-02,0,882,167,20.0,17.0,7.0,6.0,7.0,8,4
2018-10-03,0,881,195,23.0,16.0,7.0,6.0,6.0,8,5
2018-10-04,0,881,134,23.0,16.0,6.0,6.0,6.0,9,6
2018-10-05,0,881,151,22.0,18.0,8.0,7.0,7.0,12,7
2018-10-06,0,882,91,19.0,18.0,8.0,7.0,8.0,10,6
2018-10-07,0,883,79,17.0,17.0,9.0,7.0,8.0,10,6
2018-10-08,0,882,167,20.0,16.0,7.0,6.0,6.0,10,6
2018-10-09,0,881,131,21.0,15.0,7.0,6.0,7.0,9,6
2018-10-10,0,881,118,22.0,15.0,6.0,6.0,6.0,8,5
2018-10-11,0,881,151,23.0,16.0,7.0,6.0,6.0,10,7
2018-10-12,0,883,117,20.0,18.0,8.0,7.0,7.0,11,7
2018-10-13,0,882,203,23.0,16.0,7.0,6.0,6.0,8,4
2018-10-14,0,880,151,23.0,17.0,7.0,6.0,6.0,8,4
2018-10-15,1,879,91,20.0,20.0,8.0,7.0,8.0,8,5
2018-10-16,0,880,203,21.0,19.0,8.0,6.0,7.0,9,5
2018-10-17,0,881,80,21.0,19.0,8.0,7.0,7.0,8,5
2018-10-18,0,881,83,20.0,20.0,9.0,7.0,8.0,8,4
2018-10-19,0,878,108,21.0,18.0,8.0,7.0,7.0,6,3
2018-10-20,0,879,132,19.0,14.0,7.0,6.0,7.0,16,10
2018-10-21,0,880,148,16.0,14.0,8.0,7.0,7.0,14,9
2018-10-22,0,882,209,18.0,14.0,7.0,6.0,6.0,9,5
2018-10-23,0,882,228,20.0,14.0,6.0,5.0,5.0,9,5
2018-10-24,0,882,159,21.0,15.0,7.0,6.0,7.0,8,4
2018-10-25,1,881,80,19.0,20.0,10.0,8.0,8.0,6,3
2018-10-26,0,879,100,20.0,19.0,7.0,6.0,7.0,8,3
2018-10-27,0,877,90,20.0,20.0,8.0,6.0,7.0,8,4
2018-10-28,0,878,173,21.0,17.0,7.0,6.0,6.0,6,3
2018-10-29,0,880,94,18.0,19.0,10.0,8.0,8.0,12,8
2018-10-30,0,882,162,19.0,18.0,7.0,6.0,7.0,10,6
2018-10-31,0,883,151,20.0,18.0,7.0,6.0,7.0,9,5
2018-11-01,1,881,148,21.0,18.0,8.0,6.0,7.0,9,5
2018-11-02,0,880,130,21.0,18.0,8.0,7.0,7.0,8,5
2018-11-03,0,880,181,22.0,16.0,7.0,6.0,6.0,8,5
2018-11-04,0,879,100,21.0,17.0,8.0,7.0,7.0,6,3
2018-11-05,0,880,75,18.0,,,,,12,7
2018-11-06,0,881,106,18.0,17.0,8.0,7.0,7.0,12,7
2018-11-07,0,882,114,19.0,17.0,7.0,6.0,7.0,9,5
2018-11-08,1,882,46,16.0,18.0,9.0,9.0,9.0,13,8
2018-11-09,1,882,30,14.0,,,,,18,11
2018-11-10,0,880,86,16.0,,,,,10,6
2018-11-11,0,880,151,18.0,18.0,8.0,7.0,8.0,9,5
2018-11-12,0,880,152,20.0,18.0,7.0,6.0,7.0,9,5
2018-11-13,0,882,158,21.0,18.0,7.0,6.0,7.0,9,5
2018-11-14,0,880,182,22.0,18.0,7.0,6.0,7.0,8,4
2018-11-15,1,879,112,21.0,20.0,8.0,7.0,7.0,6,3
2018-11-16,0,881,84,19.0,20.0,9.0,7.0,7.0,8,5
2018-11-17,0,883,119,20.0,17.0,7.0,6.0,7.0,10,6
2018-11-18,0,882,150,20.0,18.0,8.0,7.0,8.0,9,5
2018-11-19,0,881,68,19.0,18.0,9.0,8.0,8.0,5,2
2018-11-20,2,882,32,17.0,,,,,7,5
2018-11-21,2,883,21,16.0,,,,,11,6
2018-11-22,0,883,99,17.0,19.0,9.0,8.0,8.0,10,6
2018-11-23,0,882,134,19.0,19.0,8.0,6.0,8.0,10,6
2018-11-24,0,881,85,18.0,18.0,8.0,7.0,8.0,8,4
2018-11-25,0,881,82,17.0,21.0,10.0,8.0,9.0,8,5
2018-11-26,0,882,150,19.0,15.0,7.0,6.0,6.0,8,4
2018-11-27,0,883,167,19.0,15.0,7.0,6.0,6.0,11,6
2018-11-28,0,882,205,20.0,14.0,6.0,5.0,6.0,9,5
2018-11-29,0,881,190,20.0,15.0,7.0,6.0,7.0,8,5
2018-11-30,0,878,157,22.0,17.0,7.0,6.0,7.0,7,3
2018-12-01,2,877,34,18.0,18.0,9.0,8.0,8.0,7,3
2018-12-02,0,876,82,19.0,21.0,9.0,7.0,8.0,6,2
2018-12-03,0,876,74,18.0,,,,,12,8
2018-12-04,0,876,179,20.0,19.0,8.0,6.0,7.0,10,5
2018-12-05,0,878,197,22.0,18.0,7.0,5.0,6.0,7,4
2018-12-06,2,880,135,21.0,19.0,7.0,6.0,7.0,10,5
2018-12-07,0,881,79,20.0,22.0,,,9.0,8,4
2018-12-08,0,881,180,19.0,16.0,7.0,6.0,7.0,14,8
2018-12-09,0,885,159,16.0,15.0,8.0,7.0,7.0,14,8
2018-12-10,0,887,181,18.0,16.0,7.0,6.0,6.0,9,5
2018-12-11,0,887,162,19.0,17.0,7.0,6.0,7.0,9,5
2018-12-12,0,885,209,21.0,17.0,6.0,5.0,6.0,9,5
2018-12-13,0,884,178,21.0,17.0,7.0,5.0,7.0,6,2
2018-12-14,0,884,193,23.0,15.0,6.0,5.0,5.0,6,3
2018-12-15,0,885,205,24.0,16.0,6.0,6.0,6.0,8,4
2018-12-16,0,885,196,23.0,17.0,7.0,6.0,6.0,8,5
2018-12-17,0,884,193,22.0,16.0,7.0,6.0,6.0,8,4
2018-12-18,0,883,193,23.0,17.0,7.0,6.0,6.0,7,4
2018-12-19,0,882,162,24.0,19.0,7.0,6.0,7.0,7,3
2018-12-20,0,881,147,23.0,18.0,7.0,5.0,6.0,9,5
2018-12-21,0,880,161,24.0,19.0,7.0,6.0,7.0,7,4
2018-12-22,1,880,154,22.0,17.0,7.0,5.0,6.0,9,5
2018-12-23,0,880,164,22.0,18.0,7.0,6.0,7.0,7,3
2018-12-24,0,880,123,22.0,19.0,8.0,6.0,7.0,7,3
2018-12-25,0,880,162,20.0,18.0,8.0,6.0,6.0,9,5
2018-12-26,0,880,93,20.0,20.0,9.0,7.0,8.0,7,4
2018-12-27,0,879,52,18.0,21.0,,,10.0,7,4
2018-12-28,0,879,84,18.0,21.0,,,10.0,6,3
2018-12-29,1,879,61,19.0,23.0,,,9.0,6,3
2018-12-30,0,879,96,20.0,22.0,9.0,7.0,9.0,5,2
2018-12-31,1,880,80,19.0,,,,,6,2
2019-01-01,0,883,114,19.0,21.0,9.0,7.0,8.0,6,2
2019-01-02,0,884,149,22.0,19.0,8.0,6.0,7.0,6,3
2019-01-03,0,882,120,22.0,19.0,7.0,6.0,7.0,6,3
2019-01-04,0,882,93,20.0,17.0,8.0,7.0,7.0,7,3
2019-01-05,0,882,152,22.0,17.0,7.0,6.0,7.0,4,2
2019-01-06,0,882,198,23.0,17.0,7.0,6.0,6.0,5,2
2019-01-07,0,883,198,23.0,18.0,7.0,6.0,6.0,8,4
2019-01-08,0,883,166,22.0,20.0,8.0,7.0,7.0,8,5
2019-01-09,0,883,178,21.0,16.0,7.0,6.0,6.0,8,5
2019-01-10,0,883,183,21.0,16.0,7.0,6.0,7.0,9,5
2019-01-11,0,883,158,22.0,17.0,7.0,7.0,7.0,7,4
2019-01-12,0,883,174,23.0,18.0,7.0,6.0,6.0,6,3
2019-01-13,0,883,165,22.0,17.0,7.0,6.0,6.0,8,4
2019-01-14,0,883,213,22.0,16.0,7.0,6.0,6.0,9,5
2019-01-15,0,883,196,23.0,18.0,7.0,6.0,7.0,7,4
2019-01-16,0,884,147,23.0,19.0,7.0,6.0,7.0,8,5
2019-01-17,0,883,169,22.0,18.0,8.0,7.0,7.0,9,5
2019-01-18,0,882,158,23.0,18.0,7.0,6.0,7.0,7,4
2019-01-19,0,882,203,24.0,17.0,7.0,6.0,6.0,8,4
2019-01-20,0,882,154,23.0,17.0,7.0,6.0,7.0,7,4
2019-01-21,0,883,144,23.0,18.0,7.0,7.0,7.0,8,5
2019-01-22,0,883,182,23.0,18.0,7.0,6.0,6.0,8,4
2019-01-23,0,883,194,23.0,17.0,6.0,5.0,6.0,7,4
2019-01-24,0,883,223,23.0,16.0,6.0,6.0,6.0,9,6
2019-01-25,0,882,172,22.0,17.0,7.0,7.0,7.0,10,6
2019-01-26,0,883,116,20.0,17.0,8.0,7.0,7.0,11,6
2019-01-27,0,884,179,21.0,16.0,6.0,5.0,5.0,9,5
2019-01-28,0,885,184,23.0,17.0,7.0,6.0,6.0,10,6
2019-01-29,0,885,193,24.0,16.0,7.0,6.0,6.0,8,5
2019-01-30,0,883,186,24.0,16.0,6.0,6.0,6.0,7,4
2019-01-31,0,882,180,24.0,15.0,6.0,5.0,5.0,7,4
2019-02-01,0,882,203,24.0,15.0,6.0,5.0,6.0,8,5
2019-02-02,0,882,204,25.0,16.0,6.0,5.0,6.0,8,5
2019-02-03,0,881,144,25.0,16.0,6.0,5.0,5.0,7,4
2019-02-04,0,880,91,22.0,17.0,7.0,6.0,7.0,9,5
2019-02-05,0,880,159,22.0,18.0,7.0,6.0,7.0,12,7
2019-02-06,0,881,57,19.0,19.0,8.0,8.0,8.0,9,5
2019-02-07,0,880,42,18.0,,,,,5,2
2019-02-08,0,879,174,21.0,19.0,7.0,6.0,7.0,6,3
2019-02-09,0,880,160,21.0,18.0,7.0,6.0,7.0,9,6
2019-02-10,0,881,166,22.0,18.0,7.0,6.0,6.0,9,5
2019-02-11,0,882,141,22.0,19.0,7.0,6.0,7.0,6,3
2019-02-12,0,882,138,23.0,17.0,7.0,7.0,7.0,7,4
2019-02-13,3,881,83,21.0,19.0,8.0,7.0,7.0,9,5
2019-02-14,0,881,124,19.0,19.0,8.0,7.0,7.0,12,7
2019-02-15,0,880,68,19.0,,,,,8,4
2019-02-16,1,879,46,19.0,,,,,8,3
2019-02-17,1,880,52,19.0,,,,,5,2
2019-02-18,0,881,73,19.0,22.0,10.0,7.0,8.0,6,2
2019-02-19,0,882,73,20.0,20.0,8.0,7.0,7.0,6,2
2019-02-20,0,881,110,22.0,20.0,8.0,7.0,7.0,5,2
2019-02-21,0,882,60,19.0,18.0,9.0,7.0,8.0,8,4
2019-02-22,0,883,192,23.0,19.0,6.0,6.0,6.0,9,6
2019-02-23,0,882,200,24.0,18.0,7.0,6.0,6.0,7,4
2019-02-24,0,880,181,25.0,18.0,7.0,6.0,6.0,6,3
2019-02-25,0,880,175,25.0,18.0,7.0,6.0,6.0,6,3
2019-02-26,0,880,178,24.0,17.0,6.0,6.0,6.0,7,3
2019-02-27,0,881,127,22.0,18.0,7.0,6.0,6.0,7,3
2019-02-28,0,882,78,20.0,19.0,8.0,7.0,8.0,6,3
2019-03-01,1,882,146,21.0,18.0,7.0,6.0,6.0,6,3
2019-03-02,0,883,59,19.0,20.0,,,9.0,5,2
2019-03-03,0,882,168,21.0,18.0,7.0,6.0,7.0,8,5
2019-03-04,0,883,132,21.0,17.0,8.0,7.0,7.0,9,5
2019-03-05,0,884,134,21.0,18.0,8.0,7.0,7.0,9,5
2019-03-06,0,884,138,21.0,19.0,8.0,7.0,7.0,9,5
2019-03-07,0,885,159,22.0,19.0,7.0,6.0,6.0,9,5
2019-03-08,0,883,154,23.0,18.0,7.0,6.0,7.0,8,4
2019-03-09,0,882,215,24.0,19.0,7.0,6.0,7.0,6,3
2019-03-10,0,881,152,23.0,20.0,8.0,7.0,7.0,7,4
2019-03-11,0,881,131,21.0,19.0,8.0,7.0,7.0,8,4
2019-03-12,0,882,179,21.0,18.0,7.0,6.0,7.0,10,6
2019-03-13,0,882,132,22.0,19.0,8.0,7.0,8.0,7,3
2019-03-14,0,882,157,23.0,18.0,7.0,6.0,7.0,6,3
2019-03-15,0,881,185,23.0,17.0,7.0,6.0,7.0,6,3
2019-03-16,0,881,141,21.0,20.0,8.0,7.0,7.0,9,5
2019-03-17,0,881,40,20.0,,,,,7,4
2019-03-18,0,880,152,22.0,20.0,8.0,7.0,8.0,5,2
2019-03-19,0,879,136,23.0,20.0,8.0,7.0,8.0,5,2
2019-03-20,0,878,118,22.0,21.0,9.0,7.0,8.0,7,3
2019-03-21,1,878,96,20.0,22.0,9.0,7.0,8.0,9,5
2019-03-22,1,880,40,17.0,,,,,17,11
2019-03-23,0,882,137,18.0,17.0,8.0,7.0,7.0,13,8
2019-03-24,0,882,114,20.0,19.0,8.0,7.0,7.0,9,5
2019-03-25,0,881,164,21.0,17.0,7.0,6.0,6.0,8,4
2019-03-26,0,882,177,21.0,17.0,7.0,6.0,6.0,7,5
2019-03-27,0,884,164,21.0,17.0,7.0,7.0,7.0,10,6
2019-03-28,0,885,182,20.0,16.0,8.0,7.0,7.0,10,6
2019-03-29,0,885,136,19.0,16.0,8.0,7.0,7.0,10,7
2019-03-30,0,884,147,19.0,17.0,7.0,6.0,7.0,11,7
2019-03-31,0,882,149,19.0,16.0,7.0,6.0,7.0,9,5
2019-04-01,0,882,128,19.0,17.0,8.0,7.0,7.0,7,4
2019-04-02,0,881,146,20.0,18.0,7.0,6.0,7.0,7,4
2019-04-03,0,880,119,21.0,18.0,8.0,7.0,7.0,6,3
2019-04-04,0,879,138,22.0,19.0,8.0,7.0,7.0,4,2
2019-04-05,0,881,101,22.0,20.0,8.0,7.0,7.0,5,3
2019-04-06,0,882,112,21.0,20.0,9.0,7.0,8.0,5,2
2019-04-07,0,883,134,22.0,19.0,8.0,7.0,7.0,6,3
2019-04-08,0,882,161,22.0,18.0,8.0,7.0,7.0,6,3
2019-04-09,0,881,83,20.0,17.0,8.0,7.0,8.0,6,3
2019-04-10,0,881,164,20.0,18.0,8.0,7.0,7.0,13,8
2019-04-11,0,882,163,20.0,17.0,7.0,6.0,6.0,10,6
2019-04-12,0,882,115,20.0,18.0,7.0,6.0,7.0,7,5
2019-04-13,0,882,142,21.0,18.0,8.0,7.0,7.0,8,5
2019-04-14,0,882,122,21.0,19.0,8.0,7.0,8.0,8,5
2019-04-15,1,883,107,20.0,20.0,8.0,7.0,8.0,9,5
2019-04-16,0,883,74,19.0,20.0,9.0,7.0,8.0,8,5
2019-04-17,0,880,60,19.0,,,,,6,3
2019-04-18,0,880,130,21.0,16.0,7.0,6.0,6.0,7,3
2019-04-19,0,881,188,21.0,14.0,6.0,5.0,6.0,6,3
2019-04-20,0,881,180,22.0,15.0,6.0,6.0,6.0,5,2
2019-04-21,0,881,143,22.0,16.0,7.0,6.0,6.0,6,3
2019-04-22,0,881,115,21.0,18.0,8.0,6.0,7.0,7,4
2019-04-23,0,883,166,21.0,18.0,8.0,7.0,8.0,8,5
2019-04-24,0,885,111,20.0,18.0,8.0,7.0,7.0,7,4
2019-04-25,0,885,88,19.0,18.0,8.0,7.0,8.0,8,4
2019-04-26,0,884,144,20.0,18.0,7.0,6.0,7.0,8,5
2019-04-27,0,883,157,21.0,17.0,8.0,7.0,7.0,8,5
2019-04-28,0,881,148,21.0,17.0,7.0,6.0,7.0,6,3
2019-04-29,0,880,130,21.0,17.0,8.0,7.0,7.0,7,3
2019-04-30,0,882,148,20.0,17.0,8.0,7.0,7.0,8,5
2019-05-01,0,882,133,21.0,17.0,7.0,6.0,6.0,8,4
2019-05-02,2,882,78,20.0,19.0,8.0,7.0,8.0,6,3
2019-05-03,0,883,104,20.0,19.0,8.0,7.0,7.0,5,3
2019-05-04,0,884,137,21.0,20.0,8.0,7.0,7.0,7,4
2019-05-05,0,884,138,20.0,17.0,7.0,7.0,7.0,8,5
2019-05-06,0,884,121,20.0,16.0,8.0,7.0,7.0,7,4
2019-05-07,0,882,141,22.0,17.0,7.0,6.0,7.0,4,2
2019-05-08,0,883,115,19.0,20.0,9.0,7.0,8.0,10,7
2019-05-09,0,883,88,17.0,18.0,9.0,8.0,8.0,11,7
2019-05-10,0,882,105,18.0,17.0,8.0,7.0,7.0,9,5
2019-05-11,0,882,122,18.0,17.0,8.0,7.0,8.0,7,4
2019-05-12,0,883,155,20.0,17.0,8.0,7.0,7.0,5,3
2019-05-13,0,884,138,21.0,18.0,7.0,7.0,7.0,6,3
2019-05-14,0,883,122,21.0,18.0,8.0,7.0,7.0,6,4
2019-05-15,0,881,64,19.0,18.0,9.0,7.0,8.0,9,5
2019-05-16,0,883,90,17.0,17.0,9.0,7.0,8.0,12,7
2019-05-17,0,883,44,16.0,,,,,11,6
2019-05-18,0,883,104,17.0,17.0,8.0,7.0,7.0,9,5
2019-05-19,0,883,154,18.0,17.0,8.0,7.0,7.0,7,5
2019-05-20,0,883,137,19.0,14.0,6.0,5.0,6.0,6,3
2019-05-21,0,883,153,20.0,12.0,6.0,5.0,6.0,6,3
2019-05-22,0,883,148,21.0,12.0,6.0,5.0,5.0,5,3
2019-05-23,0,882,131,20.0,14.0,6.0,6.0,6.0,6,3
2019-05-24,0,881,124,21.0,15.0,7.0,6.0,6.0,6,2
2019-05-25,0,881,112,19.0,16.0,7.0,7.0,7.0,8,4
2019-05-26,0,883,147,19.0,12.0,6.0,6.0,6.0,5,2
2019-05-27,0,883,123,19.0,15.0,7.0,6.0,7.0,6,3
2019-05-28,0,883,143,20.0,16.0,7.0,6.0,6.0,6,3
2019-05-29,0,884,128,21.0,16.0,7.0,7.0,7.0,4,2
2019-05-30,0,883,145,20.0,16.0,8.0,7.0,7.0,8,5
2019-05-31,0,882,142,20.0,15.0,7.0,7.0,7.0,7,3
2019-06-01,0,882,138,22.0,14.0,6.0,5.0,6.0,5,2
2019-06-02,0,883,124,22.0,13.0,5.0,5.0,5.0,4,2
2019-06-03,0,884,104,20.0,15.0,7.0,6.0,7.0,9,5
2019-06-04,0,885,132,17.0,13.0,8.0,7.0,7.0,7,4
2019-06-05,0,886,152,13.0,9.0,7.0,7.0,7.0,13,9
2019-06-06,0,886,145,14.0,11.0,7.0,6.0,7.0,11,7
2019-06-07,0,886,150,15.0,11.0,7.0,6.0,7.0,8,5
2019-06-08,0,885,124,15.0,10.0,7.0,6.0,7.0,6,3
2019-06-09,0,886,154,15.0,12.0,7.0,6.0,7.0,7,4
2019-06-10,0,887,128,15.0,12.0,8.0,7.0,7.0,10,6
2019-06-11,0,886,109,16.0,16.0,8.0,7.0,8.0,10,7
2019-06-12,0,887,101,17.0,16.0,8.0,7.0,8.0,9,6
2019-06-13,0,888,134,17.0,15.0,7.0,7.0,7.0,9,6
2019-06-14,0,888,140,18.0,13.0,7.0,6.0,7.0,9,6
2019-06-15,0,887,110,18.0,14.0,7.0,7.0,7.0,8,5
2019-06-16,0,888,77,17.0,13.0,7.0,7.0,7.0,7,4
2019-06-17,0,887,107,16.0,13.0,8.0,7.0,7.0,7,5
2019-06-18,0,886,130,17.0,13.0,8.0,7.0,7.0,8,5
2019-06-19,0,886,119,18.0,12.0,7.0,6.0,6.0,6,4
2019-06-20,0,886,110,18.0,11.0,6.0,6.0,6.0,6,3
2019-06-21,0,889,119,16.0,13.0,8.0,7.0,7.0,9,5
2019-06-22,0,890,102,16.0,14.0,8.0,7.0,7.0,10,6
2019-06-23,0,888,109,16.0,14.0,8.0,7.0,7.0,7,4
2019-06-24,0,885,133,18.0,14.0,6.0,5.0,6.0,5,3
2019-06-25,0,883,114,18.0,15.0,7.0,6.0,7.0,5,3
2019-06-26,0,884,130,20.0,14.0,7.0,6.0,7.0,6,3
2019-06-27,0,885,101,19.0,14.0,7.0,6.0,7.0,7,5
2019-06-28,0,886,140,19.0,13.0,7.0,6.0,7.0,9,5
2019-06-29,0,886,141,17.0,14.0,8.0,7.0,7.0,10,6
2019-06-30,0,885,145,18.0,12.0,7.0,6.0,7.0,6,3
2019-07-01,0,884,138,19.0,12.0,6.0,6.0,6.0,6,3
2019-07-02,0,880,133,20.0,10.0,5.0,5.0,5.0,5,2
2019-07-03,0,879,130,20.0,10.0,5.0,4.0,5.0,5,2
2019-07-04,0,880,142,20.0,9.0,5.0,4.0,4.0,7,3
2019-07-05,0,881,100,19.0,13.0,6.0,6.0,6.0,9,4
2019-07-06,0,883,148,16.0,8.0,6.0,5.0,5.0,9,4
2019-07-07,0,885,152,12.0,4.0,6.0,5.0,6.0,10,6
2019-07-08,0,888,146,12.0,7.0,7.0,6.0,7.0,13,8
2019-07-09,0,888,149,13.0,8.0,7.0,6.0,7.0,9,6
2019-07-10,0,887,150,14.0,9.0,7.0,7.0,7.0,8,5
2019-07-11,0,885,151,15.0,7.0,6.0,6.0,6.0,6,3
2019-07-12,0,884,151,16.0,9.0,6.0,6.0,6.0,7,4
2019-07-13,0,884,145,19.0,9.0,5.0,5.0,5.0,4,2
2019-07-14,0,883,142,20.0,9.0,5.0,4.0,5.0,5,3
2019-07-15,0,882,126,21.0,8.0,4.0,4.0,4.0,5,2
2019-07-16,0,882,131,20.0,8.0,4.0,4.0,4.0,6,3
2019-07-17,0,885,151,15.0,11.0,7.0,6.0,7.0,11,7
2019-07-18,0,887,147,13.0,9.0,7.0,7.0,7.0,14,9
2019-07-19,0,889,139,13.0,9.0,7.0,6.0,7.0,12,7
2019-07-20,0,888,120,14.0,9.0,7.0,6.0,7.0,10,6
2019-07-21,0,887,119,14.0,11.0,7.0,7.0,7.0,11,7
2019-07-22,0,888,114,15.0,12.0,7.0,6.0,7.0,10,6
2019-07-23,0,887,148,16.0,11.0,7.0,6.0,6.0,8,5
2019-07-24,0,887,147,17.0,11.0,7.0,6.0,6.0,8,5
2019-07-25,0,886,154,17.0,12.0,7.0,6.0,7.0,8,5
2019-07-26,0,888,128,17.0,11.0,7.0,6.0,7.0,10,7
2019-07-27,0,889,140,16.0,9.0,6.0,6.0,6.0,7,4
2019-07-28,0,887,159,17.0,9.0,6.0,5.0,5.0,8,5
2019-07-29,0,886,163,17.0,10.0,6.0,6.0,6.0,11,8
2019-07-30,0,885,128,17.0,12.0,7.0,6.0,6.0,9,6
2019-07-31,0,884,145,19.0,11.0,7.0,6.0,6.0,7,3
2019-08-01,0,883,163,19.0,11.0,6.0,5.0,6.0,9,6
2019-08-02,0,884,154,20.0,10.0,6.0,5.0,5.0,7,4
2019-08-03,0,884,94,19.0,12.0,6.0,6.0,6.0,7,4
2019-08-04,0,886,130,16.0,13.0,8.0,7.0,7.0,15,10
2019-08-05,0,890,131,14.0,12.0,7.0,6.0,7.0,17,11
2019-08-06,0,891,92,15.0,13.0,8.0,7.0,7.0,13,7
2019-08-07,0,890,107,17.0,13.0,7.0,6.0,7.0,10,6
2019-08-08,0,889,110,18.0,13.0,7.0,6.0,7.0,8,5
2019-08-09,0,887,159,19.0,12.0,7.0,6.0,6.0,8,4
2019-08-10,0,887,136,19.0,11.0,6.0,5.0,6.0,7,4
2019-08-11,0,887,160,21.0,11.0,6.0,5.0,5.0,7,4
2019-08-12,0,886,168,20.0,10.0,5.0,5.0,5.0,7,4
2019-08-13,0,885,170,20.0,9.0,5.0,4.0,5.0,6,3
2019-08-14,0,886,133,18.0,12.0,7.0,6.0,6.0,14,8
2019-08-15,0,889,175,14.0,9.0,7.0,6.0,7.0,17,10
2019-08-16,0,888,180,14.0,7.0,6.0,6.0,6.0,11,7
2019-08-17,0,886,182,15.0,6.0,5.0,5.0,5.0,10,6
2019-08-18,0,884,161,18.0,7.0,5.0,4.0,5.0,7,3
2019-08-19,0,883,162,22.0,7.0,4.0,3.0,3.0,4,2
2019-08-20,0,884,128,20.0,10.0,5.0,5.0,5.0,8,5
2019-08-21,0,885,165,19.0,13.0,7.0,6.0,7.0,10,6
2019-08-22,0,885,140,17.0,13.0,8.0,7.0,7.0,11,8
2019-08-23,0,884,96,16.0,13.0,8.0,8.0,8.0,10,6
2019-08-24,0,885,190,16.0,11.0,7.0,7.0,7.0,10,7
2019-08-25,0,887,189,16.0,10.0,7.0,6.0,6.0,13,8
2019-08-26,0,888,149,16.0,10.0,7.0,6.0,7.0,11,7
2019-08-27,0,887,189,17.0,10.0,6.0,6.0,6.0,10,6
2019-08-28,0,886,145,15.0,10.0,7.0,6.0,7.0,10,6
2019-08-29,0,885,123,14.0,9.0,7.0,6.0,6.0,11,7
2019-08-30,0,884,184,17.0,9.0,6.0,5.0,6.0,9,5
2019-08-31,0,883,187,19.0,10.0,6.0,5.0,5.0,9,5
2019-09-01,0,882,178,22.0,11.0,5.0,4.0,5.0,7,4
2019-09-02,0,882,169,21.0,12.0,5.0,5.0,5.0,9,5
2019-09-03,0,883,184,23.0,12.0,5.0,5.0,5.0,10,6
2019-09-04,0,885,189,23.0,10.0,4.0,4.0,4.0,9,6
2019-09-05,0,886,185,21.0,13.0,6.0,5.0,5.0,12,8
2019-09-06,0,887,142,17.0,13.0,8.0,7.0,7.0,14,8
2019-09-07,0,888,169,18.0,13.0,7.0,7.0,7.0,10,6
2019-09-08,0,888,197,19.0,12.0,7.0,6.0,7.0,10,6
2019-09-09,0,886,206,19.0,10.0,6.0,5.0,6.0,8,5
2019-09-10,0,885,200,22.0,9.0,5.0,4.0,4.0,8,5
2019-09-11,0,883,196,23.0,12.0,5.0,4.0,5.0,8,4
2019-09-12,0,882,193,24.0,11.0,5.0,4.0,4.0,8,5
2019-09-13,0,883,195,26.0,8.0,3.0,3.0,3.0,9,5
2019-09-14,0,884,199,22.0,12.0,5.0,5.0,5.0,12,8
2019-09-15,0,884,195,20.0,13.0,6.0,6.0,6.0,8,5
2019-09-16,0,884,183,20.0,12.0,6.0,6.0,6.0,9,5
2019-09-17,0,882,181,22.0,11.0,5.0,5.0,5.0,8,5
2019-09-18,0,880,185,24.0,8.0,4.0,3.0,3.0,6,3
2019-09-19,0,880,157,25.0,8.0,3.0,3.0,3.0,8,5
2019-09-20,0,881,171,24.0,11.0,4.0,4.0,4.0,9,6
2019-09-21,0,881,156,24.0,13.0,5.0,5.0,5.0,11,7
2019-09-22,0,883,166,22.0,14.0,6.0,6.0,6.0,12,7
2019-09-23,0,885,130,17.0,13.0,8.0,7.0,7.0,19,11
2019-09-24,0,886,191,17.0,9.0,6.0,6.0,6.0,13,8
2019-09-25,0,884,40,14.0,11.0,8.0,8.0,8.0,13,8
2019-09-26,0,883,22,14.0,13.0,9.0,9.0,9.0,8,5
2019-09-27,0,882,150,17.0,13.0,8.0,7.0,7.0,8,4
2019-09-28,0,882,171,18.0,14.0,8.0,7.0,7.0,12,8
2019-09-29,0,881,120,19.0,15.0,8.0,7.0,7.0,10,6
2019-09-30,0,881,179,20.0,14.0,7.0,7.0,7.0,11,6
2019-10-01,0,881,191,20.0,13.0,6.0,6.0,6.0,12,7
2019-10-02,0,881,202,21.0,11.0,6.0,5.0,5.0,11,6
2019-10-03,0,881,178,20.0,10.0,5.0,5.0,5.0,10,6
2019-10-04,0,883,147,19.0,10.0,6.0,5.0,5.0,11,6
2019-10-05,0,882,151,19.0,12.0,6.0,6.0,6.0,11,6
2019-10-06,0,881,177,20.0,13.0,7.0,6.0,6.0,11,7
2019-10-07,0,881,200,21.0,13.0,6.0,6.0,6.0,11,7
2019-10-08,0,881,187,22.0,13.0,6.0,5.0,5.0,11,7
2019-10-09,0,882,115,21.0,14.0,7.0,6.0,6.0,9,5
2019-10-10,0,882,116,19.0,15.0,7.0,7.0,7.0,13,8
2019-10-11,0,884,173,20.0,13.0,7.0,6.0,6.0,10,5
2019-10-12,0,883,209,22.0,12.0,6.0,5.0,5.0,10,6
2019-10-13,0,882,218,23.0,12.0,5.0,5.0,5.0,10,6
2019-10-14,0,881,219,22.0,10.0,5.0,4.0,5.0,9,5
2019-10-15,0,882,205,22.0,8.0,4.0,4.0,4.0,9,5
2019-10-16,0,883,177,21.0,11.0,5.0,5.0,5.0,10,5
2019-10-17,0,883,204,22.0,10.0,5.0,4.0,4.0,10,6
2019-10-18,0,882,186,23.0,8.0,4.0,3.0,3.0,8,5
2019-10-19,0,881,156,24.0,11.0,4.0,4.0,4.0,9,5
2019-10-20,0,879,158,21.0,15.0,6.0,6.0,6.0,12,7
2019-10-21,0,878,69,20.0,15.0,7.0,7.0,7.0,9,5
2019-10-22,0,878,122,21.0,16.0,7.0,7.0,7.0,6,3
2019-10-23,0,880,167,21.0,16.0,7.0,7.0,7.0,11,7
2019-10-24,0,882,148,21.0,15.0,7.0,7.0,7.0,9,5
2019-10-25,0,882,143,22.0,15.0,7.0,6.0,6.0,7,4
2019-10-26,0,882,175,21.0,14.0,7.0,6.0,6.0,12,6
2019-10-27,0,883,196,22.0,14.0,6.0,5.0,6.0,9,5
2019-10-28,0,882,147,21.0,15.0,7.0,6.0,6.0,8,4
2019-10-29,1,881,169,20.0,15.0,7.0,6.0,7.0,9,4
2019-10-30,0,881,183,20.0,16.0,8.0,7.0,7.0,7,4
2019-10-31,0,882,127,21.0,16.0,7.0,7.0,7.0,8,5
2019-11-01,0,882,109,20.0,16.0,8.0,7.0,7.0,12,7
2019-11-02,0,882,154,19.0,16.0,8.0,7.0,8.0,11,7
2019-11-03,0,880,204,22.0,15.0,7.0,6.0,6.0,8,4
2019-11-04,0,879,193,24.0,14.0,5.0,5.0,5.0,7,4
2019-11-05,0,880,174,25.0,15.0,5.0,5.0,5.0,7,4
2019-11-06,0,880,164,24.0,17.0,6.0,5.0,6.0,9,5
2019-11-07,0,880,164,22.0,17.0,7.0,6.0,7.0,11,6
2019-11-08,0,879,147,22.0,15.0,6.0,6.0,6.0,10,6
2019-11-09,0,880,198,23.0,17.0,7.0,6.0,7.0,11,7
2019-11-10,0,880,175,23.0,14.0,6.0,5.0,6.0,10,6
2019-11-11,0,880,221,24.0,14.0,5.0,5.0,5.0,11,7
2019-11-12,0,881,136,20.0,16.0,7.0,7.0,7.0,17,10
2019-11-13,0,881,148,20.0,16.0,8.0,7.0,7.0,13,8
2019-11-14,0,880,114,20.0,16.0,8.0,7.0,7.0,10,6
2019-11-15,0,878,36,18.0,17.0,9.0,9.0,9.0,6,3
2019-11-16,0,876,70,19.0,17.0,9.0,8.0,9.0,5,2
2019-11-17,0,878,121,19.0,17.0,9.0,8.0,8.0,11,7
2019-11-18,0,881,34,18.0,17.0,9.0,9.0,9.0,9,5
2019-11-19,1,882,115,19.0,17.0,9.0,8.0,8.0,8,4
2019-11-20,0,882,76,18.0,16.0,8.0,8.0,8.0,9,6
2019-11-21,0,882,154,20.0,15.0,8.0,7.0,7.0,11,6
2019-11-22,0,880,122,19.0,16.0,8.0,8.0,8.0,10,6
2019-11-23,2,880,112,20.0,17.0,8.0,8.0,8.0,8,3
2019-11-24,0,879,94,19.0,17.0,9.0,8.0,8.0,7,4
2019-11-25,0,880,147,18.0,15.0,8.0,7.0,8.0,12,7
2019-11-26,0,881,175,19.0,15.0,8.0,7.0,7.0,10,6
2019-11-27,0,880,186,20.0,14.0,7.0,6.0,7.0,10,5
2019-11-28,0,879,122,21.0,16.0,7.0,7.0,7.0,7,3
2019-11-29,0,879,69,19.0,18.0,9.0,9.0,9.0,9,6
2019-11-30,0,880,97,20.0,18.0,8.0,8.0,8.0,8,3
2019-12-01,0,880,71,21.0,18.0,8.0,8.0,8.0,7,2
2019-12-02,1,879,92,20.0,18.0,8.0,8.0,8.0,8,4
2019-12-03,0,879,115,19.0,17.0,9.0,8.0,9.0,11,6
2019-12-04,0,881,146,19.0,16.0,8.0,8.0,8.0,11,6
2019-12-05,0,880,72,19.0,18.0,9.0,9.0,9.0,8,4
2019-12-06,1,878,62,20.0,18.0,9.0,8.0,8.0,10,4
2019-12-07,1,879,49,19.0,18.0,9.0,9.0,9.0,8,4
2019-12-08,0,880,112,18.0,15.0,8.0,8.0,8.0,13,8
2019-12-09,0,881,100,19.0,16.0,8.0,8.0,8.0,9,6
2019-12-10,0,881,54,18.0,18.0,9.0,9.0,9.0,7,3
2019-12-11,0,879,75,19.0,17.0,9.0,8.0,8.0,5,2
2019-12-12,0,879,91,20.0,18.0,9.0,8.0,8.0,7,3
2019-12-13,0,880,190,22.0,17.0,7.0,7.0,7.0,6,3
2019-12-14,0,883,185,22.0,17.0,7.0,7.0,7.0,12,6
2019-12-15,0,884,180,21.0,14.0,7.0,6.0,6.0,10,6
2019-12-16,0,882,221,21.0,14.0,6.0,6.0,6.0,9,5
2019-12-17,0,880,192,22.0,14.0,6.0,6.0,6.0,8,4
2019-12-18,0,880,172,23.0,15.0,6.0,5.0,6.0,7,4
2019-12-19,0,882,98,21.0,16.0,7.0,7.0,7.0,10,6
2019-12-20,0,882,179,22.0,17.0,8.0,7.0,7.0,9,5
2019-12-21,0,881,97,21.0,17.0,8.0,7.0,7.0,6,3
2019-12-22,0,881,167,23.0,17.0,7.0,6.0,7.0,7,4
2019-12-23,0,881,78,19.0,17.0,8.0,8.0,8.0,7,4
2019-12-24,0,881,54,18.0,17.0,9.0,8.0,9.0,8,4
2019-12-25,0,881,193,21.0,16.0,8.0,7.0,7.0,8,5
2019-12-26,0,882,159,22.0,16.0,7.0,6.0,7.0,8,5
2019-12-27,0,883,177,21.0,15.0,7.0,6.0,6.0,9,5
2019-12-28,0,882,148,21.0,15.0,7.0,6.0,7.0,8,4
2019-12-29,0,881,125,20.0,16.0,8.0,7.0,7.0,7,4
2019-12-30,0,879,136,20.0,14.0,7.0,6.0,7.0,9,5
2019-12-31,0,879,184,21.0,15.0,7.0,6.0,6.0,9,5
2020-01-01,0,878,144,22.0,15.0,7.0,6.0,6.0,7,3
2020-01-02,3,878,77,19.0,17.0,9.0,8.0,8.0,9,4
2020-01-03,0,878,63,20.0,18.0,9.0,9.0,9.0,5,2
2020-01-04,2,878,50,19.0,18.0,9.0,9.0,9.0,6,2
2020-01-05,0,877,84,20.0,18.0,9.0,8.0,9.0,7,2
2020-01-06,0,879,96,21.0,18.0,8.0,8.0,8.0,7,3
2020-01-07,0,880,114,23.0,19.0,8.0,7.0,7.0,5,2
2020-01-08,2,881,89,22.0,18.0,8.0,7.0,7.0,6,3
2020-01-09,0,881,138,23.0,17.0,7.0,6.0,7.0,6,3
2020-01-10,0,881,140,23.0,18.0,8.0,7.0,7.0,6,3
2020-01-11,0,880,184,24.0,16.0,6.0,6.0,6.0,7,4
2020-01-12,0,881,181,25.0,17.0,6.0,5.0,6.0,6,2
2020-01-13,0,881,168,24.0,17.0,7.0,6.0,6.0,9,5
2020-01-14,1,881,119,21.0,18.0,8.0,7.0,8.0,10,6
2020-01-15,0,881,164,22.0,19.0,8.0,8.0,8.0,10,6
2020-01-16,0,882,149,23.0,18.0,7.0,7.0,7.0,7,3
2020-01-17,4,883,69,20.0,19.0,9.0,8.0,9.0,9,5
2020-01-18,0,883,126,20.0,18.0,8.0,8.0,8.0,13,8
2020-01-19,1,882,107,20.0,18.0,9.0,8.0,8.0,10,6
2020-01-20,0,880,70,20.0,18.0,9.0,8.0,8.0,8,4
2020-01-21,0,877,82,19.0,18.0,9.0,9.0,9.0,8,4
2020-01-22,0,876,138,20.0,17.0,8.0,7.0,8.0,10,6
2020-01-23,3,876,21,18.0,18.0,9.0,9.0,9.0,6,3
2020-01-24,7,873,7,19.0,18.0,9.0,9.0,9.0,13,5
2020-01-25,2,876,82,20.0,18.0,9.0,8.0,9.0,6,3
2020-01-26,0,879,96,20.0,18.0,8.0,8.0,8.0,4,2
2020-01-27,0,880,122,20.0,18.0,8.0,8.0,8.0,8,4
2020-01-28,0,881,149,22.0,18.0,8.0,8.0,8.0,6,2
2020-01-29,6,883,58,19.0,18.0,9.0,9.0,9.0,6,3
2020-01-30,0,883,166,23.0,18.0,8.0,7.0,7.0,5,2
2020-01-31,0,883,121,23.0,19.0,8.0,7.0,7.0,6,3
2020-02-01,0,882,125,23.0,19.0,8.0,7.0,8.0,6,3
2020-02-02,0,882,142,23.0,18.0,8.0,7.0,7.0,9,5
2020-02-03,1,882,159,23.0,17.0,8.0,7.0,7.0,8,4
2020-02-04,0,882,143,22.0,17.0,7.0,6.0,7.0,7,4
2020-02-05,0,882,65,20.0,18.0,9.0,8.0,9.0,6,3
2020-02-06,2,882,78,19.0,17.0,9.0,8.0,9.0,9,6
2020-02-07,0,881,113,19.0,16.0,8.0,8.0,8.0,9,6
2020-02-08,0,881,126,20.0,16.0,8.0,7.0,8.0,8,4
2020-02-09,0,883,67,19.0,17.0,9.0,8.0,8.0,8,3
2020-02-10,0,883,123,21.0,17.0,8.0,7.0,8.0,9,4
2020-02-11,1,882,59,19.0,18.0,9.0,8.0,9.0,8,4
2020-02-12,1,881,86,19.0,18.0,9.0,9.0,9.0,6,3
2020-02-13,0,881,48,19.0,18.0,9.0,9.0,9.0,6,3
2020-02-14,0,882,149,20.0,17.0,8.0,8.0,8.0,6,2
2020-02-15,0,881,118,21.0,18.0,8.0,7.0,8.0,9,5
2020-02-16,0,881,93,21.0,18.0,8.0,8.0,8.0,7,4
2020-02-17,0,882,104,20.0,18.0,9.0,8.0,8.0,8,4
2020-02-18,0,882,151,22.0,17.0,7.0,7.0,7.0,8,4
2020-02-19,0,881,164,21.0,17.0,7.0,7.0,7.0,8,4
2020-02-20,0,880,156,22.0,17.0,7.0,7.0,7.0,7,4
2020-02-21,0,880,116,22.0,18.0,8.0,7.0,7.0,7,3
2020-02-22,0,881,136,22.0,17.0,7.0,7.0,7.0,7,3
2020-02-23,0,882,78,19.0,17.0,9.0,8.0,8.0,12,8
2020-02-24,0,882,64,18.0,17.0,9.0,9.0,9.0,11,7
2020-02-25,0,882,125,21.0,18.0,9.0,8.0,8.0,6,3
2020-02-26,0,880,72,20.0,19.0,9.0,8.0,8.0,6,2
2020-02-27,0,879,139,21.0,18.0,8.0,8.0,8.0,6,2
2020-02-28,2,882,43,19.0,18.0,9.0,9.0,9.0,7,4
2020-02-29,1,883,51,19.0,18.0,9.0,9.0,9.0,7,3
2020-03-01,0,882,92,19.0,18.0,9.0,8.0,9.0,5,3
2020-03-02,1,880,35,16.0,15.0,9.0,9.0,9.0,17,10
2020-03-03,1,880,42,18.0,17.0,9.0,9.0,9.0,6,3
2020-03-04,0,881,99,20.0,18.0,9.0,8.0,8.0,5,2
2020-03-05,0,881,156,21.0,18.0,8.0,7.0,8.0,6,3
2020-03-06,0,881,81,18.0,16.0,9.0,8.0,8.0,9,6
2020-03-07,0,880,87,17.0,16.0,9.0,9.0,9.0,9,5
2020-03-08,0,881,135,19.0,16.0,8.0,8.0,8.0,9,5
2020-03-09,0,882,151,19.0,16.0,8.0,7.0,8.0,9,5
2020-03-10,0,882,129,20.0,16.0,8.0,7.0,8.0,9,5
2020-03-11,0,881,173,20.0,16.0,8.0,7.0,8.0,10,6
2020-03-12,0,882,185,21.0,17.0,8.0,7.0,7.0,10,6
2020-03-13,0,883,106,20.0,17.0,8.0,8.0,8.0,9,5
2020-03-14,0,883,130,21.0,17.0,8.0,7.0,8.0,9,5
2020-03-15,0,883,189,21.0,16.0,7.0,7.0,7.0,9,5
2020-03-16,0,882,187,21.0,16.0,7.0,6.0,7.0,6,4
2020-03-17,0,882,162,21.0,16.0,7.0,7.0,7.0,8,4
2020-03-18,0,882,143,21.0,17.0,8.0,7.0,7.0,8,5
2020-03-19,1,880,132,21.0,18.0,8.0,7.0,8.0,6,3
2020-03-20,1,878,73,20.0,19.0,9.0,8.0,9.0,7,3
2020-03-21,2,878,46,19.0,18.0,9.0,9.0,9.0,5,2
2020-03-22,1,881,92,18.0,17.0,9.0,9.0,9.0,12,8
2020-03-23,0,883,164,18.0,15.0,8.0,8.0,8.0,16,10
2020-03-24,0,883,151,17.0,13.0,8.0,7.0,7.0,13,8
2020-03-25,0,882,181,18.0,13.0,7.0,7.0,7.0,9,6
2020-03-26,0,882,146,18.0,14.0,8.0,7.0,7.0,9,5
2020-03-27,0,882,123,18.0,15.0,8.0,8.0,8.0,9,6
2020-03-28,0,883,127,19.0,15.0,8.0,7.0,7.0,8,4
2020-03-29,0,884,143,21.0,16.0,8.0,7.0,7.0,8,5
2020-03-30,0,883,168,22.0,17.0,7.0,7.0,7.0,9,5
2020-03-31,0,882,167,22.0,16.0,7.0,7.0,7.0,8,4
2020-04-01,0,882,78,20.0,18.0,8.0,8.0,8.0,7,4
2020-04-02,0,882,69,20.0,18.0,9.0,8.0,9.0,8,4
2020-04-03,0,879,88,21.0,18.0,8.0,7.0,8.0,8,3
2020-04-04,0,879,87,21.0,18.0,9.0,8.0,8.0,6,2
2020-04-05,0,882,154,22.0,18.0,8.0,7.0,7.0,6,3
2020-04-06,0,883,148,21.0,18.0,8.0,8.0,8.0,8,4
2020-04-07,0,881,96,21.0,19.0,9.0,8.0,8.0,5,2
2020-04-08,1,880,85,20.0,18.0,9.0,8.0,9.0,9,5
2020-04-09,0,880,112,19.0,17.0,9.0,8.0,8.0,10,6
2020-04-10,0,880,120,20.0,17.0,8.0,8.0,8.0,8,4
2020-04-11,0,881,100,20.0,17.0,8.0,8.0,8.0,8,4
2020-04-12,0,882,122,19.0,17.0,9.0,8.0,8.0,9,6
2020-04-13,0,882,157,18.0,15.0,8.0,8.0,8.0,11,7
2020-04-14,0,881,164,19.0,15.0,8.0,7.0,8.0,8,4
2020-04-15,0,881,86,19.0,17.0,9.0,8.0,8.0,6,3
2020-04-16,0,884,62,18.0,16.0,9.0,8.0,9.0,6,3
2020-04-17,0,885,98,19.0,17.0,9.0,8.0,8.0,10,7
2020-04-18,0,885,133,18.0,16.0,8.0,8.0,8.0,13,8
2020-04-19,0,885,94,17.0,14.0,8.0,8.0,8.0,12,8
2020-04-20,0,884,133,17.0,13.0,8.0,7.0,7.0,8,5
2020-04-21,0,883,141,18.0,13.0,7.0,7.0,7.0,8,5
2020-04-22,0,882,125,19.0,14.0,7.0,7.0,7.0,7,5
2020-04-23,0,882,102,19.0,15.0,8.0,7.0,8.0,8,5
2020-04-24,0,884,154,19.0,15.0,8.0,7.0,8.0,9,5
2020-04-25,0,885,165,18.0,13.0,7.0,7.0,7.0,9,5
2020-04-26,0,886,169,19.0,14.0,8.0,7.0,7.0,9,5
2020-04-27,0,886,138,18.0,13.0,7.0,7.0,7.0,10,7
2020-04-28,0,886,166,16.0,11.0,7.0,7.0,7.0,8,5
2020-04-29,0,886,151,17.0,11.0,7.0,6.0,6.0,7,4
2020-04-30,0,885,165,18.0,11.0,6.0,6.0,6.0,5,3
2020-05-01,0,885,157,19.0,10.0,6.0,5.0,5.0,4,2
2020-05-02,0,883,169,20.0,10.0,6.0,5.0,5.0,5,2
2020-05-03,0,882,139,20.0,12.0,6.0,5.0,6.0,6,3
2020-05-04,0,882,142,16.0,13.0,8.0,7.0,7.0,10,6
2020-05-05,0,882,109,18.0,14.0,8.0,7.0,8.0,8,4
2020-05-06,0,882,143,20.0,13.0,7.0,6.0,6.0,6,2
2020-05-07,0,882,27,17.0,15.0,9.0,8.0,9.0,7,3
2020-05-08,0,885,136,15.0,12.0,8.0,8.0,8.0,14,9
2020-05-09,0,887,158,14.0,10.0,7.0,7.0,7.0,10,7
2020-05-10,0,887,132,14.0,9.0,7.0,7.0,7.0,9,5
2020-05-11,0,886,166,15.0,9.0,7.0,6.0,6.0,7,4
2020-05-12,0,884,158,17.0,11.0,7.0,6.0,7.0,7,4
2020-05-13,0,883,117,18.0,14.0,8.0,7.0,7.0,6,3
2020-05-14,0,882,100,18.0,15.0,8.0,7.0,8.0,5,2
2020-05-15,0,883,75,17.0,16.0,9.0,8.0,9.0,7,4
2020-05-16,0,883,34,16.0,16.0,9.0,9.0,9.0,7,4
2020-05-17,0,884,158,17.0,14.0,8.0,8.0,8.0,8,5
2020-05-18,0,885,154,17.0,13.0,8.0,7.0,8.0,9,6
2020-05-19,0,887,131,16.0,13.0,8.0,7.0,8.0,12,8
2020-05-20,0,887,110,16.0,13.0,8.0,8.0,8.0,11,7
2020-05-21,0,886,100,16.0,13.0,8.0,8.0,8.0,9,6
2020-05-22,0,885,128,17.0,13.0,8.0,7.0,7.0,6,3
2020-05-23,0,884,129,19.0,15.0,8.0,7.0,7.0,6,3
2020-05-24,0,883,26,17.0,16.0,9.0,9.0,9.0,7,4
2020-05-25,0,881,40,16.0,14.0,9.0,8.0,9.0,8,3
2020-05-26,0,880,156,14.0,9.0,7.0,6.0,7.0,8,3
2020-05-27,0,881,158,15.0,5.0,5.0,4.0,5.0,8,4
2020-05-28,0,884,156,16.0,7.0,5.0,5.0,5.0,6,4
2020-05-29,0,885,157,15.0,7.0,6.0,6.0,6.0,9,6
2020-05-30,0,885,152,15.0,10.0,7.0,7.0,7.0,7,4
2020-05-31,0,884,145,15.0,10.0,7.0,7.0,7.0,4,2
2020-06-01,0,883,142,16.0,10.0,7.0,6.0,6.0,4,2
2020-06-02,0,883,148,18.0,11.0,6.0,6.0,6.0,5,2
2020-06-03,0,884,134,19.0,12.0,6.0,6.0,6.0,4,2
2020-06-04,0,886,110,18.0,14.0,8.0,7.0,8.0,10,6
2020-06-05,0,887,133,17.0,13.0,8.0,7.0,8.0,10,6
2020-06-06,0,886,127,17.0,13.0,8.0,7.0,8.0,7,4
2020-06-07,0,886,121,17.0,13.0,8.0,7.0,7.0,7,4
2020-06-08,0,885,135,20.0,14.0,7.0,6.0,7.0,5,3
2020-06-09,0,884,143,20.0,13.0,7.0,6.0,6.0,5,2
2020-06-10,0,884,134,21.0,11.0,5.0,5.0,5.0,4,2
2020-06-11,0,884,135,21.0,11.0,5.0,5.0,5.0,4,2
2020-06-12,0,884,130,21.0,13.0,6.0,5.0,5.0,3,2
2020-06-13,0,885,142,19.0,12.0,6.0,6.0,6.0,5,3
2020-06-14,0,886,144,19.0,12.0,6.0,6.0,6.0,8,5
2020-06-15,0,888,141,17.0,13.0,7.0,7.0,7.0,12,6
2020-06-16,0,889,64,16.0,14.0,9.0,8.0,8.0,12,6
2020-06-17,0,888,61,14.0,12.0,9.0,8.0,8.0,11,6
2020-06-18,0,887,147,14.0,11.0,8.0,7.0,8.0,8,5
2020-06-19,0,887,101,16.0,12.0,8.0,7.0,8.0,7,4
2020-06-20,0,887,82,18.0,15.0,8.0,8.0,8.0,7,4
2020-06-21,0,887,145,17.0,13.0,8.0,7.0,7.0,9,6
2020-06-22,0,886,147,17.0,11.0,7.0,6.0,7.0,7,4
2020-06-23,0,884,141,16.0,8.0,6.0,5.0,5.0,9,6
2020-06-24,0,883,142,16.0,8.0,6.0,5.0,6.0,7,4
2020-06-25,0,884,138,17.0,11.0,7.0,6.0,7.0,7,4
2020-06-26,0,883,136,19.0,12.0,6.0,6.0,6.0,5,2
2020-06-27,0,882,128,17.0,11.0,6.0,6.0,6.0,9,4
2020-06-28,0,883,120,18.0,11.0,7.0,6.0,6.0,7,4
2020-06-29,0,885,65,14.0,12.0,8.0,8.0,8.0,13,8
2020-06-30,0,883,95,16.0,13.0,8.0,8.0,8.0,9,4
2020-07-01,0,880,118,17.0,14.0,8.0,7.0,8.0,8,3
2020-07-02,0,880,110,18.0,13.0,7.0,6.0,7.0,6,3
2020-07-03,0,882,118,18.0,13.0,7.0,7.0,7.0,6,3
2020-07-04,0,884,130,18.0,13.0,7.0,7.0,7.0,8,5
2020-07-05,0,885,139,17.0,13.0,8.0,7.0,8.0,10,7
2020-07-06,0,884,141,18.0,11.0,7.0,6.0,6.0,6,3
2020-07-07,0,884,149,17.0,11.0,7.0,6.0,7.0,8,4
2020-07-08,0,883,143,18.0,9.0,5.0,5.0,5.0,7,3
2020-07-09,0,884,143,19.0,9.0,5.0,4.0,5.0,5,2
2020-07-10,0,885,116,17.0,13.0,7.0,7.0,7.0,8,5
2020-07-11,0,886,144,17.0,12.0,7.0,7.0,7.0,8,5
2020-07-12,0,884,145,17.0,11.0,7.0,7.0,7.0,6,3
2020-07-13,0,884,141,19.0,10.0,6.0,5.0,5.0,3,1
2020-07-14,0,885,135,20.0,11.0,5.0,5.0,5.0,4,2
2020-07-15,0,885,133,18.0,13.0,7.0,7.0,7.0,10,6
2020-07-16,0,887,140,17.0,13.0,8.0,7.0,8.0,10,6
2020-07-17,0,887,137,17.0,12.0,8.0,7.0,7.0,8,5
2020-07-18,0,887,130,15.0,12.0,8.0,7.0,8.0,10,6
2020-07-19,0,887,148,15.0,10.0,7.0,7.0,7.0,10,6
2020-07-20,0,887,117,16.0,12.0,8.0,7.0,7.0,8,5
2020-07-21,0,885,144,18.0,11.0,7.0,6.0,6.0,5,3
2020-07-22,0,884,156,18.0,12.0,7.0,6.0,7.0,6,3
2020-07-23,0,885,157,17.0,11.0,7.0,6.0,7.0,8,4
2020-07-24,0,885,121,16.0,11.0,7.0,7.0,7.0,9,5
2020-07-25,0,887,163,17.0,12.0,8.0,7.0,7.0,8,5
2020-07-26,0,886,161,17.0,11.0,7.0,6.0,7.0,9,5
2020-07-27,0,887,101,17.0,13.0,8.0,7.0,8.0,9,5
2020-07-28,0,885,148,18.0,12.0,7.0,6.0,7.0,8,5
2020-07-29,0,885,173,19.0,10.0,6.0,5.0,5.0,5,2
2020-07-30,0,886,119,20.0,13.0,6.0,6.0,6.0,11,6
2020-07-31,0,887,136,16.0,12.0,8.0,7.0,7.0,15,9
2020-08-01,0,888,94,14.0,11.0,8.0,8.0,8.0,10,6
2020-08-02,0,888,164,15.0,10.0,7.0,7.0,7.0,10,6
2020-08-03,0,890,148,14.0,8.0,7.0,6.0,6.0,8,5
2020-08-04,0,890,170,14.0,8.0,7.0,6.0,6.0,7,4
2020-08-05,0,890,168,14.0,8.0,7.0,6.0,6.0,8,5
2020-08-06,0,890,144,14.0,8.0,7.0,6.0,7.0,9,5
2020-08-07,0,889,170,15.0,8.0,6.0,6.0,6.0,10,7
2020-08-08,0,889,172,16.0,9.0,7.0,6.0,6.0,9,6
2020-08-09,0,888,130,16.0,10.0,7.0,6.0,7.0,10,6
2020-08-10,0,885,120,17.0,10.0,6.0,6.0,6.0,8,5
2020-08-11,0,884,128,17.0,11.0,7.0,6.0,7.0,8,5
2020-08-12,0,883,147,17.0,13.0,8.0,7.0,8.0,10,7
2020-08-13,0,883,168,18.0,13.0,7.0,7.0,7.0,10,6
2020-08-14,0,882,164,19.0,12.0,7.0,6.0,7.0,8,5
2020-08-15,0,881,158,18.0,12.0,7.0,6.0,7.0,6,3
2020-08-16,0,882,169,20.0,13.0,6.0,6.0,6.0,8,4
2020-08-17,0,882,145,20.0,14.0,7.0,6.0,6.0,9,5
2020-08-18,0,882,172,20.0,14.0,7.0,7.0,7.0,11,7
2020-08-19,0,882,176,20.0,13.0,7.0,6.0,6.0,7,4
2020-08-20,0,882,156,22.0,13.0,6.0,5.0,6.0,6,3
2020-08-21,0,882,40,15.0,13.0,8.0,8.0,8.0,14,8
2020-08-22,0,883,18,11.0,10.0,9.0,9.0,9.0,18,11
2020-08-23,0,885,108,12.0,9.0,8.0,8.0,8.0,16,10
2020-08-24,0,884,170,13.0,7.0,7.0,6.0,6.0,13,8
2020-08-25,0,883,196,14.0,5.0,6.0,5.0,6.0,12,7
2020-08-26,0,883,193,15.0,7.0,6.0,5.0,6.0,12,7
2020-08-27,0,884,187,17.0,10.0,7.0,6.0,6.0,11,7
2020-08-28,0,884,161,17.0,12.0,7.0,6.0,7.0,9,5
2020-08-29,0,884,188,18.0,11.0,6.0,6.0,6.0,9,5
2020-08-30,0,884,191,19.0,12.0,6.0,6.0,6.0,8,5
2020-08-31,0,886,193,21.0,12.0,6.0,5.0,6.0,9,6
2020-09-01,0,887,180,20.0,13.0,7.0,6.0,6.0,12,7
2020-09-02,0,886,170,18.0,12.0,7.0,6.0,6.0,10,6
2020-09-03,0,885,200,18.0,10.0,6.0,5.0,6.0,9,5
2020-09-04,0,885,200,20.0,9.0,5.0,5.0,5.0,8,5
2020-09-05,0,886,203,20.0,10.0,5.0,5.0,5.0,10,6
2020-09-06,0,884,203,20.0,9.0,5.0,4.0,5.0,7,4
2020-09-07,0,882,201,21.0,10.0,5.0,4.0,5.0,9,5
2020-09-08,0,882,196,21.0,11.0,5.0,5.0,5.0,8,4
2020-09-09,0,884,200,22.0,11.0,5.0,5.0,5.0,10,6
2020-09-10,0,885,202,21.0,9.0,5.0,4.0,5.0,7,4
2020-09-11,0,883,193,22.0,11.0,5.0,5.0,5.0,8,5
2020-09-12,0,885,175,22.0,9.0,5.0,4.0,4.0,9,5
2020-09-13,0,886,209,20.0,10.0,5.0,5.0,5.0,10,5
2020-09-14,0,886,186,20.0,10.0,5.0,5.0,5.0,8,4
2020-09-15,0,885,154,20.0,12.0,6.0,5.0,5.0,9,5
2020-09-16,0,884,183,20.0,11.0,6.0,5.0,6.0,10,6
2020-09-17,0,882,183,21.0,10.0,5.0,4.0,5.0,7,4
2020-09-18,0,881,183,23.0,10.0,4.0,4.0,4.0,7,3
2020-09-19,0,881,169,25.0,10.0,4.0,3.0,4.0,7,4
2020-09-20,0,880,148,23.0,14.0,6.0,5.0,5.0,9,6
2020-09-21,0,882,99,19.0,15.0,8.0,7.0,7.0,13,8
2020-09-22,0,884,17,16.0,15.0,9.0,8.0,9.0,9,6
2020-09-23,0,886,91,16.0,14.0,9.0,8.0,9.0,15,9
2020-09-24,0,886,169,18.0,14.0,8.0,7.0,8.0,11,7
2020-09-25,0,885,160,20.0,13.0,7.0,6.0,6.0,8,5
2020-09-26,0,882,199,21.0,11.0,6.0,5.0,5.0,7,3
2020-09-27,0,881,197,23.0,10.0,5.0,4.0,4.0,7,4
2020-09-28,0,881,194,26.0,9.0,4.0,3.0,3.0,6,3
2020-09-29,0,882,179,26.0,10.0,3.0,3.0,3.0,8,5
2020-09-30,0,883,191,25.0,12.0,4.0,4.0,4.0,10,5
2020-10-01,0,882,200,25.0,13.0,5.0,4.0,5.0,9,5
2020-10-02,0,882,197,25.0,12.0,4.0,4.0,4.0,8,5
2020-10-03,0,881,194,27.0,10.0,3.0,3.0,3.0,8,5
2020-10-04,0,882,173,24.0,14.0,5.0,5.0,5.0,11,6
2020-10-05,0,883,189,23.0,16.0,7.0,6.0,6.0,12,7
2020-10-06,0,882,177,24.0,14.0,6.0,5.0,5.0,8,4
2020-10-07,0,883,172,27.0,14.0,5.0,4.0,4.0,8,4
2020-10-08,0,881,138,25.0,14.0,5.0,4.0,4.0,9,5
2020-10-09,0,879,151,26.0,13.0,5.0,4.0,4.0,8,3
2020-10-10,0,878,112,23.0,15.0,6.0,5.0,6.0,8,4
2020-10-11,0,881,112,18.0,15.0,8.0,8.0,8.0,15,10
2020-10-12,0,883,139,17.0,14.0,8.0,8.0,8.0,11,7
2020-10-13,0,882,130,20.0,15.0,8.0,7.0,7.0,10,6
2020-10-14,0,881,152,22.0,16.0,7.0,6.0,7.0,11,6
2020-10-15,0,882,138,22.0,14.0,7.0,5.0,6.0,8,4
2020-10-16,0,882,116,19.0,15.0,8.0,7.0,8.0,14,9
2020-10-17,0,883,106,17.0,14.0,9.0,8.0,8.0,13,9
2020-10-18,0,882,162,16.0,13.0,8.0,8.0,8.0,13,9
2020-10-19,0,882,63,16.0,14.0,9.0,8.0,8.0,9,5
2020-10-20,0,883,48,16.0,15.0,9.0,9.0,9.0,7,4
2020-10-21,0,883,75,17.0,16.0,9.0,9.0,9.0,5,3
2020-10-22,0,883,133,18.0,16.0,8.0,8.0,8.0,12,7
2020-10-23,0,883,120,17.0,15.0,9.0,8.0,8.0,13,8
2020-10-24,0,881,38,16.0,15.0,9.0,9.0,9.0,9,6
2020-10-25,0,877,35,17.0,17.0,9.0,9.0,9.0,6,3
2020-10-26,0,877,157,19.0,15.0,8.0,7.0,7.0,8,4
2020-10-27,0,875,165,22.0,15.0,6.0,6.0,6.0,6,2
2020-10-28,0,876,172,24.0,17.0,6.0,6.0,6.0,7,3
2020-10-29,0,878,151,23.0,16.0,6.0,6.0,6.0,6,2
2020-10-30,0,880,112,21.0,17.0,8.0,7.0,8.0,8,4
2020-10-31,0,879,66,17.0,15.0,9.0,8.0,9.0,15,10
2020-11-01,0,878,108,17.0,13.0,8.0,7.0,8.0,15,9
2020-11-02,0,878,207,17.0,9.0,6.0,5.0,6.0,14,8
2020-11-03,0,879,167,17.0,13.0,7.0,7.0,7.0,10,6
2020-11-04,0,880,95,17.0,13.0,8.0,7.0,8.0,6,3
2020-11-05,0,879,184,19.0,14.0,7.0,7.0,7.0,9,5
2020-11-06,0,880,164,21.0,14.0,7.0,6.0,6.0,7,4
2020-11-07,0,883,139,22.0,16.0,7.0,7.0,7.0,9,5
2020-11-08,0,883,163,22.0,17.0,7.0,6.0,7.0,8,5
2020-11-09,0,883,139,22.0,15.0,7.0,6.0,6.0,8,4
2020-11-10,0,882,84,20.0,17.0,8.0,8.0,8.0,7,4
2020-11-11,0,881,114,20.0,17.0,8.0,7.0,8.0,7,3
2020-11-12,1,880,82,19.0,17.0,9.0,8.0,9.0,7,3
2020-11-13,1,880,84,19.0,18.0,9.0,9.0,9.0,6,2
2020-11-14,1,880,77,19.0,17.0,9.0,8.0,9.0,6,2
2020-11-15,0,880,115,21.0,17.0,8.0,7.0,8.0,5,2
2020-11-16,0,878,116,21.0,18.0,8.0,8.0,8.0,6,3
2020-11-17,0,877,173,22.0,17.0,8.0,7.0,7.0,7,3
2020-11-18,2,877,106,20.0,17.0,8.0,7.0,8.0,10,5
2020-11-19,0,877,53,19.0,18.0,9.0,9.0,9.0,7,3
2020-11-20,0,877,174,22.0,18.0,8.0,7.0,8.0,7,3
2020-11-21,0,879,132,19.0,16.0,8.0,8.0,8.0,12,8
2020-11-22,0,882,143,19.0,16.0,8.0,7.0,8.0,10,5
2020-11-23,0,883,155,19.0,15.0,8.0,7.0,7.0,10,6
2020-11-24,0,885,132,19.0,16.0,8.0,7.0,8.0,9,5
2020-11-25,0,884,95,19.0,16.0,8.0,7.0,7.0,10,5
2020-11-26,0,883,178,20.0,15.0,7.0,7.0,7.0,9,5
2020-11-27,0,883,212,21.0,14.0,7.0,6.0,7.0,9,5
2020-11-28,0,884,200,20.0,14.0,7.0,6.0,6.0,9,5
2020-11-29,0,884,152,20.0,15.0,7.0,6.0,7.0,9,5
2020-11-30,0,882,164,21.0,15.0,7.0,6.0,7.0,8,4
2020-12-01,0,881,109,22.0,16.0,7.0,6.0,7.0,5,2
2020-12-02,0,880,82,20.0,17.0,8.0,7.0,8.0,8,5
2020-12-03,0,880,75,20.0,17.0,8.0,8.0,8.0,6,3
2020-12-04,0,881,149,22.0,17.0,8.0,7.0,7.0,6,3
2020-12-05,0,881,123,21.0,18.0,8.0,8.0,8.0,10,5
2020-12-06,0,881,89,20.0,18.0,9.0,9.0,9.0,9,6
2020-12-07,0,880,73,20.0,18.0,9.0,9.0,9.0,6,3
2020-12-08,0,880,86,21.0,18.0,9.0,8.0,8.0,6,2
2020-12-09,3,880,64,19.0,18.0,9.0,9.0,9.0,5,2
2020-12-10,1,880,55,18.0,17.0,9.0,9.0,9.0,6,3
2020-12-11,0,881,122,20.0,17.0,8.0,8.0,8.0,6,3
2020-12-12,0,882,196,22.0,18.0,8.0,7.0,7.0,6,3
2020-12-13,0,882,143,22.0,18.0,8.0,7.0,7.0,6,3
2020-12-14,0,881,218,22.0,14.0,6.0,6.0,6.0,7,4
2020-12-15,0,880,186,23.0,15.0,6.0,5.0,6.0,7,4
2020-12-16,0,881,188,23.0,17.0,7.0,6.0,7.0,9,5
2020-12-17,0,881,176,23.0,17.0,7.0,6.0,7.0,9,4
2020-12-18,0,880,127,22.0,17.0,7.0,7.0,7.0,5,2
2020-12-19,0,878,165,22.0,18.0,8.0,7.0,7.0,7,3
2020-12-20,0,879,164,22.0,18.0,8.0,7.0,7.0,8,4
2020-12-21,0,880,158,22.0,18.0,8.0,7.0,7.0,8,4
2020-12-22,0,880,143,22.0,18.0,8.0,7.0,7.0,6,2
2020-12-23,0,880,84,20.0,18.0,8.0,8.0,8.0,7,4
2020-12-24,1,879,46,19.0,18.0,9.0,9.0,9.0,8,5
2020-12-25,0,879,86,19.0,17.0,9.0,8.0,8.0,9,6
2020-12-26,0,879,120,20.0,17.0,8.0,8.0,8.0,9,6
2020-12-27,0,881,147,21.0,16.0,7.0,7.0,7.0,9,6
2020-12-28,0,882,120,21.0,17.0,8.0,7.0,7.0,9,5
2020-12-29,0,881,150,21.0,16.0,7.0,7.0,7.0,8,4
2020-12-30,0,880,151,22.0,16.0,7.0,6.0,7.0,7,4
2020-12-31,0,881,177,23.0,16.0,7.0,6.0,6.0,7,3
2021-01-01,2,881,136,22.0,17.0,7.0,7.0,7.0,9,4
2021-01-02,0,880,112,20.0,16.0,8.0,7.0,7.0,6,3
2021-01-03,1,879,109,20.0,17.0,8.0,8.0,8.0,8,4
2021-01-04,0,880,126,19.0,16.0,8.0,8.0,8.0,8,4
2021-01-05,0,882,149,22.0,18.0,8.0,7.0,7.0,5,2
2021-01-06,0,881,121,22.0,18.0,8.0,8.0,8.0,8,5
2021-01-07,0,881,139,,,8.0,7.0,7.0,7,3
2021-01-08,0,880,161,,,8.0,7.0,7.0,9,4
2021-01-09,0,879,132,,,8.0,8.0,8.0,6,2
2021-01-10,0,880,133,,,8.0,8.0,8.0,8,4
2021-01-11,0,880,140,,,8.0,8.0,8.0,8,4
2021-01-12,0,880,80,24.0,19.0,8.0,7.0,8.0,8,4
2021-01-13,0,880,83,22.0,17.0,7.0,7.0,7.0,8,5
2021-01-14,0,881,113,21.0,15.0,7.0,6.0,6.0,10,6
2021-01-15,0,881,79,20.0,15.0,7.0,7.0,7.0,9,5
2021-01-16,0,880,49,19.0,16.0,8.0,7.0,8.0,8,4
2021-01-17,0,880,96,20.0,15.0,7.0,7.0,7.0,9,5
2021-01-18,0,881,112,21.0,13.0,6.0,5.0,6.0,7,4
2021-01-19,0,881,135,22.0,11.0,5.0,4.0,5.0,9,5
2021-01-20,0,882,128,22.0,12.0,5.0,5.0,5.0,9,5
2021-01-21,0,882,127,21.0,11.0,5.0,5.0,5.0,10,6
2021-01-22,0,884,121,21.0,12.0,6.0,5.0,5.0,9,5
2021-01-23,0,884,106,20.0,14.0,7.0,6.0,7.0,9,5
2021-01-24,0,882,108,21.0,13.0,6.0,6.0,6.0,9,5
2021-01-25,0,881,115,21.0,13.0,6.0,6.0,6.0,9,5
2021-01-26,0,881,99,22.0,14.0,7.0,6.0,6.0,10,5
2021-01-27,0,882,107,22.0,12.0,6.0,5.0,5.0,8,4
2021-01-28,0,881,128,22.0,11.0,5.0,4.0,5.0,8,4
2021-01-29,0,881,127,22.0,12.0,5.0,5.0,5.0,8,5
2021-01-30,0,882,126,23.0,14.0,6.0,5.0,5.0,9,5
2021-01-31,0,881,119,22.0,13.0,6.0,5.0,5.0,9,5
2021-02-01,0,881,98,22.0,14.0,6.0,5.0,6.0,9,5
2021-02-02,0,881,90,22.0,14.0,6.0,6.0,6.0,6,3
2021-02-03,0,882,99,23.0,15.0,6.0,5.0,6.0,9,5
2021-02-04,0,880,83,23.0,15.0,6.0,5.0,6.0,7,4
2021-02-05,3,878,23,19.0,18.0,9.0,8.0,9.0,7,3
2021-02-06,0,878,19,19.0,17.0,9.0,9.0,9.0,8,4
2021-02-07,5,878,10,17.0,16.0,9.0,9.0,9.0,7,4
2021-02-08,0,879,83,18.0,16.0,7.0,7.0,7.0,8,4
2021-02-09,0,880,74,18.0,14.0,8.0,7.0,7.0,8,4
2021-02-10,0,880,86,19.0,15.0,8.0,7.0,7.0,9,5
2021-02-11,0,881,74,20.0,16.0,7.0,7.0,7.0,8,5
2021-02-12,0,882,42,19.0,17.0,8.0,8.0,8.0,7,4
2021-02-13,0,881,57,20.0,16.0,8.0,7.0,8.0,6,3
2021-02-14,1,879,59,19.0,17.0,8.0,8.0,8.0,5,2
2021-02-15,0,878,51,21.0,17.0,8.0,7.0,7.0,5,2
2021-02-16,0,877,66,21.0,17.0,7.0,7.0,7.0,4,1
2021-02-17,0,877,81,21.0,16.0,7.0,7.0,7.0,6,2
2021-02-18,1,877,51,19.0,17.0,9.0,8.0,8.0,7,3
2021-02-19,0,878,56,20.0,18.0,8.0,8.0,8.0,7,3
2021-02-20,0,880,77,21.0,17.0,8.0,7.0,8.0,6,3
2021-02-21,2,881,68,20.0,16.0,8.0,7.0,8.0,9,4
2021-02-22,1,881,91,20.0,16.0,8.0,7.0,7.0,6,2
2021-02-23,0,881,102,20.0,15.0,7.0,7.0,7.0,9,5
2021-02-24,0,881,92,21.0,13.0,6.0,6.0,6.0,6,3
2021-02-25,0,880,108,22.0,13.0,6.0,5.0,6.0,7,3
2021-02-26,0,879,52,19.0,16.0,8.0,7.0,8.0,9,5
2021-02-27,0,881,39,18.0,15.0,8.0,8.0,8.0,8,5
2021-02-28,0,881,63,18.0,15.0,8.0,7.0,8.0,10,6
2021-03-01,0,880,71,19.0,14.0,7.0,7.0,7.0,9,5
2021-03-02,0,882,68,19.0,14.0,7.0,7.0,7.0,10,5
2021-03-03,0,883,102,21.0,13.0,6.0,6.0,6.0,9,5
2021-03-04,0,882,91,21.0,13.0,6.0,6.0,6.0,7,4
2021-03-05,0,880,93,22.0,13.0,5.0,5.0,5.0,6,3
2021-03-06,0,879,66,21.0,15.0,7.0,6.0,7.0,8,3
2021-03-07,0,880,49,19.0,16.0,8.0,8.0,8.0,7,3
2021-03-08,1,880,56,19.0,16.0,8.0,8.0,8.0,6,3
2021-03-09,2,879,38,19.0,16.0,8.0,8.0,8.0,5,2
2021-03-10,0,878,54,19.0,16.0,8.0,8.0,8.0,4,1
2021-03-11,0,880,56,21.0,16.0,8.0,7.0,7.0,5,2
2021-03-12,0,881,82,21.0,15.0,7.0,6.0,7.0,5,2
2021-03-13,0,882,88,21.0,16.0,7.0,6.0,7.0,9,5
2021-03-14,0,883,109,20.0,13.0,6.0,6.0,6.0,9,5
2021-03-15,0,882,100,20.0,13.0,6.0,6.0,6.0,8,5
2021-03-16,0,881,96,21.0,13.0,6.0,6.0,6.0,8,4
2021-03-17,0,880,94,21.0,13.0,6.0,6.0,6.0,8,4
2021-03-18,0,880,97,21.0,14.0,7.0,6.0,6.0,8,5
2021-03-19,0,881,82,21.0,15.0,7.0,6.0,7.0,9,5
2021-03-20,0,884,89,20.0,14.0,7.0,6.0,6.0,9,5
2021-03-21,0,885,78,20.0,13.0,7.0,6.0,6.0,9,5
2021-03-22,0,884,67,20.0,14.0,7.0,6.0,6.0,7,4
2021-03-23,0,883,96,22.0,14.0,6.0,6.0,6.0,6,4
2021-03-24,0,883,91,23.0,14.0,6.0,5.0,6.0,7,4
2021-03-25,0,883,101,22.0,15.0,6.0,6.0,6.0,7,4
2021-03-26,0,883,78,22.0,15.0,6.0,6.0,6.0,7,4
2021-03-27,0,882,88,22.0,15.0,6.0,6.0,6.0,7,4
2021-03-28,1,881,80,22.0,14.0,6.0,5.0,6.0,6,3
2021-03-29,0,881,78,21.0,14.0,7.0,6.0,6.0,7,3
2021-03-30,0,879,81,23.0,14.0,6.0,5.0,6.0,5,2
2021-03-31,0,877,100,21.0,14.0,6.0,6.0,6.0,7,3
2021-04-01,0,878,90,22.0,13.0,6.0,5.0,5.0,6,3
2021-04-02,0,880,74,20.0,14.0,7.0,6.0,6.0,10,6
2021-04-03,0,882,61,21.0,16.0,7.0,7.0,7.0,9,5
2021-04-04,0,882,72,20.0,15.0,7.0,7.0,7.0,10,6
2021-04-05,0,882,82,19.0,13.0,7.0,6.0,6.0,13,8
2021-04-06,0,882,67,19.0,13.0,7.0,6.0,7.0,8,4
2021-04-07,0,883,61,18.0,14.0,7.0,7.0,7.0,8,5
2021-04-08,0,885,84,17.0,12.0,7.0,6.0,7.0,12,7
2021-04-09,0,886,98,18.0,11.0,7.0,6.0,6.0,11,6
2021-04-10,0,884,101,18.0,10.0,6.0,5.0,6.0,9,5
2021-04-11,0,882,101,19.0,10.0,6.0,5.0,5.0,6,3
2021-04-12,0,882,98,21.0,9.0,5.0,4.0,4.0,5,2
2021-04-13,0,883,69,20.0,10.0,5.0,4.0,5.0,8,5
2021-04-14,0,883,74,18.0,12.0,6.0,6.0,6.0,13,8
2021-04-15,0,883,93,17.0,10.0,6.0,5.0,6.0,10,6
2021-04-16,0,882,88,17.0,10.0,6.0,6.0,6.0,8,5
2021-04-17,0,881,89,18.0,9.0,6.0,5.0,5.0,7,4
2021-04-18,0,880,68,19.0,11.0,6.0,5.0,6.0,6,3
2021-04-19,0,880,74,20.0,13.0,6.0,6.0,6.0,6,3
2021-04-20,0,880,85,20.0,11.0,6.0,5.0,5.0,10,6
2021-04-21,0,880,94,19.0,8.0,5.0,4.0,4.0,10,6
2021-04-22,0,880,81,20.0,9.0,5.0,4.0,5.0,6,3
2021-04-23,0,881,81,20.0,10.0,5.0,5.0,5.0,7,4
2021-04-24,0,881,83,21.0,10.0,5.0,4.0,5.0,6,3
2021-04-25,0,880,84,22.0,11.0,5.0,5.0,5.0,5,2
2021-04-26,0,880,68,23.0,8.0,4.0,3.0,3.0,4,1
2021-04-27,0,880,26,20.0,14.0,7.0,6.0,6.0,4,2
2021-04-28,0,881,53,19.0,14.0,7.0,7.0,7.0,6,4
2021-04-29,0,883,67,19.0,12.0,7.0,6.0,6.0,10,6
2021-04-30,0,885,75,17.0,10.0,6.0,6.0,6.0,14,9
